Order_ID,Order_Date,Customer_ID,Customer_Name,Gender,Age,City,State,Region,Product_ID,Product_Name,Category,Sub_Category,Quantity,Unit_Price,Discount,Sales,Cost,Profit,Payment_Mode,Order_Status
ORD00010,2025-01-01,CUST076,Pooja Mehta,Male,33,Vadodara,Gujarat,West,P103,Smartwatch,Electronics,Wearables,3,6500,0.1,17550.0,14593.13,2956.87,UPI,Delivered
ORD00249,2025-01-01,CUST065,Sahil Dave,Male,37,Mumbai,Maharashtra,West,P105,Laptop,Electronics,Computers,1,52000,0.0,52000.0,39905.75,12094.25,Net Banking,Delivered
ORD00478,2025-01-01,CUST050,Riya Rami,Female,44,Delhi,Delhi,North,P101,Wireless Headphones,Electronics,Audio,1,3200,0.1,2880.0,1880.38,999.62,Debit Card,Delivered
ORD00669,2025-01-01,CUST117,Varun Rathod,Female,47,Mumbai,Maharashtra,West,P113,Running Shoes,Fashion,Footwear,2,3800,0.0,7600.0,5651.83,1948.17,UPI,Delivered
ORD00896,2025-01-01,CUST035,Meera Thakkar,Male,18,Kochi,Kerala,South,P112,Backpack,Fashion,Bags,4,2200,0.05,8360.0,5504.46,2855.54,UPI,Delivered
ORD00998,2025-01-01,CUST090,Meera Shah,Male,36,Chennai,Tamil Nadu,South,P117,Dry Fruits,Grocery,Food,1,1100,0.05,1045.0,672.69,372.31,UPI,Delivered
ORD00569,2025-01-02,CUST180,Amit Sharma,Male,36,Mumbai,Maharashtra,West,P111,Coffee Maker,Home & Living,Kitchen,2,4500,0.1,8100.0,6836.32,1263.68,Credit Card,Delivered
ORD00674,2025-01-02,CUST103,Sahil Joshi,Male,59,Kolkata,West Bengal,East,P115,Jeans,Fashion,Clothing,1,1900,0.1,1710.0,1447.87,262.13,Credit Card,Delivered
ORD00879,2025-01-02,CUST049,Aditya Dave,Male,20,Vadodara,Gujarat,West,P111,Coffee Maker,Home & Living,Kitchen,3,4500,0.1,12150.0,8620.9,3529.1,Credit Card,Delivered
ORD00888,2025-01-02,CUST203,Amit Desai,Male,27,Bengaluru,Karnataka,South,P116,Organic Coffee,Grocery,Beverages,2,650,0.05,1235.0,863.86,371.14,UPI,Delivered
ORD01404,2025-01-02,CUST135,Isha Rathod,Female,49,Lucknow,Uttar Pradesh,North,P101,Wireless Headphones,Electronics,Audio,2,3200,0.0,6400.0,4414.06,1985.94,UPI,Delivered
ORD00684,2025-01-03,CUST198,Isha Dave,Male,51,Delhi,Delhi,North,P103,Smartwatch,Electronics,Wearables,2,6500,0.15,11050.0,8663.37,2386.63,Net Banking,Delivered
ORD00004,2025-01-04,CUST212,Isha Pandya,Male,40,Patna,Bihar,East,P111,Coffee Maker,Home & Living,Kitchen,1,4500,0.2,3600.0,3051.67,548.33,Debit Card,Delivered
ORD00093,2025-01-04,CUST186,Arjun Rami,Female,41,Bengaluru,Karnataka,South,P105,Laptop,Electronics,Computers,3,52000,0.1,140400.0,106231.16,34168.84,Credit Card,Delivered
ORD00203,2025-01-04,CUST087,Karan Thakkar,Female,55,Kochi,Kerala,South,P103,Smartwatch,Electronics,Wearables,3,6500,0.05,18525.0,12715.47,5809.53,UPI,Delivered
ORD00296,2025-01-04,CUST164,Pooja Kapoor,Female,34,Surat,Gujarat,West,P110,Bedsheet Set,Home & Living,Bedding,1,1800,0.15,1530.0,1238.07,291.93,UPI,Delivered
ORD00600,2025-01-04,CUST083,Rahul Sharma,Male,31,Delhi,Delhi,North,P110,Bedsheet Set,Home & Living,Bedding,4,1800,0.0,7200.0,4663.89,2536.11,Credit Card,Delivered
ORD00830,2025-01-04,CUST139,Rahul Verma,Female,60,Bengaluru,Karnataka,South,P109,Bookshelf,Furniture,Storage,3,6200,0.1,16740.0,13161.88,3578.12,UPI,Delivered
ORD01039,2025-01-04,CUST234,Pooja Kapoor,Male,39,Kochi,Kerala,South,P108,Study Table,Furniture,Tables,2,7200,0.1,12960.0,11141.68,1818.32,UPI,Delivered
ORD01342,2025-01-04,CUST200,Sahil Joshi,Female,45,Kochi,Kerala,South,P110,Bedsheet Set,Home & Living,Bedding,1,1800,0.2,1440.0,1090.29,349.71,Debit Card,Delivered
ORD00016,2025-01-05,CUST086,Sahil Rathod,Male,39,Surat,Gujarat,West,P110,Bedsheet Set,Home & Living,Bedding,3,1800,0.05,5130.0,4018.96,1111.04,UPI,Delivered
ORD00106,2025-01-05,CUST008,Rahul Rathod,Female,39,Bengaluru,Karnataka,South,P106,USB-C Charger,Electronics,Accessories,5,1200,0.05,5700.0,4273.96,1426.04,Cash on Delivery,Delivered
ORD00312,2025-01-05,CUST145,Varun Dave,Male,46,Delhi,Delhi,North,P101,Wireless Headphones,Electronics,Audio,3,3200,0.05,9120.0,5699.24,3420.76,Net Banking,Delivered
ORD00420,2025-01-05,CUST162,Neha Joshi,Male,60,Kolkata,West Bengal,East,P115,Jeans,Fashion,Clothing,2,1900,0.05,3610.0,2701.16,908.84,Debit Card,Delivered
ORD01353,2025-01-05,CUST004,Anjali Singh,Female,53,Delhi,Delhi,North,P104,Bluetooth Speaker,Electronics,Audio,1,2800,0.1,2520.0,2144.48,375.52,UPI,Delivered
ORD00497,2025-01-06,CUST067,Simran Sharma,Female,24,Kolkata,West Bengal,East,P108,Study Table,Furniture,Tables,3,7200,0.05,20520.0,14226.4,6293.6,UPI,Delivered
ORD00523,2025-01-06,CUST010,Vivek Rathod,Female,33,Surat,Gujarat,West,P104,Bluetooth Speaker,Electronics,Audio,3,2800,0.15,7140.0,6018.67,1121.33,UPI,Delivered
ORD00868,2025-01-06,CUST048,Riya Thakkar,Male,18,Bengaluru,Karnataka,South,P108,Study Table,Furniture,Tables,1,7200,0.1,0.0,0.0,0.0,Debit Card,Cancelled
ORD01078,2025-01-07,CUST020,Varun Kapoor,Female,51,Pune,Maharashtra,West,P115,Jeans,Fashion,Clothing,2,1900,0.05,3610.0,2267.74,1342.26,Cash on Delivery,Delivered
ORD00213,2025-01-08,CUST216,Varun Patel,Female,47,Kochi,Kerala,South,P101,Wireless Headphones,Electronics,Audio,2,3200,0.05,6080.0,4117.69,1962.31,Credit Card,Delivered
ORD00491,2025-01-08,CUST093,Karan Desai,Female,52,Vadodara,Gujarat,West,P103,Smartwatch,Electronics,Wearables,3,6500,0.0,19500.0,13282.22,6217.78,UPI,Delivered
ORD00515,2025-01-08,CUST109,Priya Patel,Female,40,Kolkata,West Bengal,East,P109,Bookshelf,Furniture,Storage,3,6200,0.05,17670.0,11000.48,6669.52,UPI,Delivered
ORD01027,2025-01-08,CUST205,Karan Trivedi,Female,18,Hyderabad,Telangana,South,P111,Coffee Maker,Home & Living,Kitchen,2,4500,0.1,8100.0,5975.89,2124.11,UPI,Delivered
ORD01239,2025-01-08,CUST212,Isha Pandya,Male,40,Chennai,Tamil Nadu,South,P113,Running Shoes,Fashion,Footwear,2,3800,0.2,6080.0,4425.59,1654.41,UPI,Delivered
ORD00575,2025-01-09,CUST023,Arjun Desai,Female,35,Pune,Maharashtra,West,P105,Laptop,Electronics,Computers,3,52000,0.0,156000.0,97086.47,58913.53,UPI,Delivered
ORD00728,2025-01-09,CUST220,Simran Shah,Male,46,Chennai,Tamil Nadu,South,P108,Study Table,Furniture,Tables,2,7200,0.1,12960.0,10222.68,2737.32,UPI,Delivered
ORD01221,2025-01-09,CUST105,Nisha Rathod,Female,24,Bengaluru,Karnataka,South,P104,Bluetooth Speaker,Electronics,Audio,2,2800,0.0,5600.0,3873.39,1726.61,Cash on Delivery,Delivered
ORD01337,2025-01-09,CUST162,Neha Joshi,Male,60,Kochi,Kerala,South,P103,Smartwatch,Electronics,Wearables,3,6500,0.1,17550.0,11641.67,5908.33,UPI,Delivered
ORD00099,2025-01-10,CUST047,Anjali Kapoor,Male,45,Hyderabad,Telangana,South,P111,Coffee Maker,Home & Living,Kitchen,1,4500,0.0,4500.0,3077.8,1422.2,UPI,Delivered
ORD00550,2025-01-10,CUST071,Varun Joshi,Male,47,Kochi,Kerala,South,P102,Smartphone,Electronics,Mobile,2,18500,0.05,35150.0,27600.68,7549.32,Debit Card,Delivered
ORD00685,2025-01-11,CUST042,Riya Dave,Male,60,Patna,Bihar,East,P117,Dry Fruits,Grocery,Food,3,1100,0.05,3135.0,2009.25,1125.75,UPI,Delivered
ORD01100,2025-01-11,CUST120,Pooja Rathod,Male,18,Kochi,Kerala,South,P110,Bedsheet Set,Home & Living,Bedding,3,1800,0.05,5130.0,3890.1,1239.9,Net Banking,Delivered
ORD00131,2025-01-12,CUST158,Rohan Trivedi,Female,38,Lucknow,Uttar Pradesh,North,P116,Organic Coffee,Grocery,Beverages,2,650,0.1,1170.0,960.82,209.18,Cash on Delivery,Delivered
ORD00195,2025-01-12,CUST019,Vivek Sharma,Female,46,Kochi,Kerala,South,P109,Bookshelf,Furniture,Storage,3,6200,0.05,17670.0,14464.91,3205.09,Credit Card,Delivered
ORD00242,2025-01-12,CUST020,Varun Kapoor,Female,51,Lucknow,Uttar Pradesh,North,P114,T-Shirt,Fashion,Clothing,5,900,0.15,3825.0,3071.61,753.39,UPI,Delivered
ORD00257,2025-01-12,CUST205,Karan Trivedi,Female,18,Bhubaneswar,Odisha,East,P108,Study Table,Furniture,Tables,2,7200,0.05,13680.0,8737.43,4942.57,Debit Card,Delivered
ORD00494,2025-01-12,CUST184,Sahil Joshi,Male,28,Ahmedabad,Gujarat,West,P118,Green Tea,Grocery,Beverages,5,500,0.1,2250.0,1828.38,421.62,Debit Card,Delivered
ORD00717,2025-01-12,CUST227,Arjun Sharma,Female,21,Kolkata,West Bengal,East,P116,Organic Coffee,Grocery,Beverages,2,650,0.1,1170.0,839.48,330.52,UPI,Delivered
ORD00907,2025-01-12,CUST062,Amit Sharma,Female,23,Hyderabad,Telangana,South,P110,Bedsheet Set,Home & Living,Bedding,3,1800,0.1,4860.0,3482.58,1377.42,Debit Card,Delivered
ORD00976,2025-01-12,CUST111,Isha Sharma,Female,23,Delhi,Delhi,North,P110,Bedsheet Set,Home & Living,Bedding,1,1800,0.1,1620.0,1383.18,236.82,Net Banking,Delivered
ORD01410,2025-01-12,CUST104,Neha Patel,Male,41,Patna,Bihar,East,P116,Organic Coffee,Grocery,Beverages,3,650,0.1,1755.0,1176.02,578.98,Credit Card,Delivered
ORD00262,2025-01-13,CUST175,Riya Shah,Male,30,Jaipur,Rajasthan,North,P111,Coffee Maker,Home & Living,Kitchen,2,4500,0.05,0.0,0.0,0.0,Debit Card,Cancelled
ORD00392,2025-01-13,CUST213,Meera Desai,Male,31,Kolkata,West Bengal,East,P107,Office Chair,Furniture,Chairs,3,8500,0.1,22950.0,15062.92,7887.08,Credit Card,Delivered
ORD00421,2025-01-13,CUST249,Neha Trivedi,Male,35,Chennai,Tamil Nadu,South,P114,T-Shirt,Fashion,Clothing,2,900,0.05,1710.0,1228.43,481.57,Debit Card,Delivered
ORD00558,2025-01-13,CUST036,Amit Kapoor,Male,31,Surat,Gujarat,West,P107,Office Chair,Furniture,Chairs,2,8500,0.1,15300.0,9946.19,5353.81,Debit Card,Delivered
ORD00822,2025-01-13,CUST228,Neha Mehta,Male,46,Jaipur,Rajasthan,North,P115,Jeans,Fashion,Clothing,2,1900,0.05,3610.0,2319.74,1290.26,UPI,Delivered
ORD01380,2025-01-13,CUST140,Rohan Dave,Male,29,Lucknow,Uttar Pradesh,North,P112,Backpack,Fashion,Bags,3,2200,0.05,6270.0,5062.92,1207.08,Cash on Delivery,Delivered
ORD00037,2025-01-14,CUST114,Riya Sharma,Female,49,Vadodara,Gujarat,West,P117,Dry Fruits,Grocery,Food,3,1100,0.1,2970.0,2179.68,790.32,UPI,Delivered
ORD00051,2025-01-14,CUST234,Pooja Kapoor,Male,39,Jaipur,Rajasthan,North,P117,Dry Fruits,Grocery,Food,2,1100,0.05,2090.0,1329.05,760.95,UPI,Delivered
ORD00096,2025-01-14,CUST240,Karan Verma,Female,43,Chennai,Tamil Nadu,South,P110,Bedsheet Set,Home & Living,Bedding,5,1800,0.0,9000.0,6757.89,2242.11,Credit Card,Delivered
ORD00097,2025-01-14,CUST060,Kavya Joshi,Female,28,Bengaluru,Karnataka,South,P115,Jeans,Fashion,Clothing,2,1900,0.05,3610.0,2654.64,955.36,UPI,Delivered
ORD00137,2025-01-14,CUST067,Simran Sharma,Female,24,Kochi,Kerala,South,P107,Office Chair,Furniture,Chairs,1,8500,0.05,8075.0,5224.99,2850.01,Debit Card,Delivered
ORD00533,2025-01-14,CUST159,Sneha Desai,Male,33,Kochi,Kerala,South,P106,USB-C Charger,Electronics,Accessories,5,1200,0.05,5700.0,3568.04,2131.96,Debit Card,Delivered
ORD00513,2025-01-15,CUST088,Nisha Mehta,Female,25,Mumbai,Maharashtra,West,P109,Bookshelf,Furniture,Storage,2,6200,0.15,10540.0,7957.83,2582.17,UPI,Delivered
ORD00252,2025-01-16,CUST083,Rahul Sharma,Male,31,Bhubaneswar,Odisha,East,P106,USB-C Charger,Electronics,Accessories,3,1200,0.0,3600.0,2694.29,905.71,UPI,Delivered
ORD00265,2025-01-16,CUST141,Karan Patel,Male,52,Mumbai,Maharashtra,West,P102,Smartphone,Electronics,Mobile,2,18500,0.15,31450.0,26865.67,4584.33,Debit Card,Delivered
ORD01157,2025-01-16,CUST013,Pooja Joshi,Female,21,Vadodara,Gujarat,West,P102,Smartphone,Electronics,Mobile,1,18500,0.15,15725.0,10760.14,4964.86,UPI,Delivered
ORD00276,2025-01-17,CUST032,Priya Shah,Female,40,Patna,Bihar,East,P109,Bookshelf,Furniture,Storage,2,6200,0.0,12400.0,7541.19,4858.81,Debit Card,Delivered
ORD00702,2025-01-17,CUST044,Simran Rami,Female,19,Mumbai,Maharashtra,West,P113,Running Shoes,Fashion,Footwear,4,3800,0.0,15200.0,11662.94,3537.06,Net Banking,Delivered
ORD00852,2025-01-17,CUST128,Rohan Kapoor,Female,38,Patna,Bihar,East,P101,Wireless Headphones,Electronics,Audio,1,3200,0.05,3040.0,2060.87,979.13,Net Banking,Delivered
ORD00940,2025-01-17,CUST119,Amit Kapoor,Male,40,Bhubaneswar,Odisha,East,P107,Office Chair,Furniture,Chairs,2,8500,0.1,15300.0,12717.36,2582.64,Debit Card,Delivered
ORD01119,2025-01-17,CUST138,Amit Rathod,Male,18,Kochi,Kerala,South,P117,Dry Fruits,Grocery,Food,2,1100,0.1,1980.0,1574.87,405.13,UPI,Delivered
ORD00620,2025-01-19,CUST063,Anjali Pandya,Female,33,Chennai,Tamil Nadu,South,P104,Bluetooth Speaker,Electronics,Audio,3,2800,0.2,6720.0,5355.02,1364.98,Credit Card,Delivered
ORD00715,2025-01-19,CUST160,Riya Dave,Male,59,Bengaluru,Karnataka,South,P117,Dry Fruits,Grocery,Food,2,1100,0.1,1980.0,1490.05,489.95,UPI,Delivered
ORD00914,2025-01-19,CUST188,Arjun Kapoor,Female,45,Delhi,Delhi,North,P102,Smartphone,Electronics,Mobile,4,18500,0.1,66600.0,53379.43,13220.57,UPI,Delivered
ORD01059,2025-01-19,CUST055,Riya Patel,Male,54,Kochi,Kerala,South,P110,Bedsheet Set,Home & Living,Bedding,3,1800,0.1,4860.0,3287.34,1572.66,UPI,Delivered
ORD00035,2025-01-20,CUST130,Amit Joshi,Female,27,Vadodara,Gujarat,West,P112,Backpack,Fashion,Bags,3,2200,0.05,6270.0,4556.7,1713.3,Credit Card,Delivered
ORD00760,2025-01-20,CUST123,Sahil Dave,Male,22,Chennai,Tamil Nadu,South,P118,Green Tea,Grocery,Beverages,5,500,0.1,2250.0,1711.35,538.65,UPI,Delivered
ORD01103,2025-01-20,CUST034,Neha Shah,Male,54,Delhi,Delhi,North,P117,Dry Fruits,Grocery,Food,1,1100,0.0,1100.0,805.35,294.65,Cash on Delivery,Delivered
ORD00214,2025-01-21,CUST105,Nisha Rathod,Female,24,Vadodara,Gujarat,West,P108,Study Table,Furniture,Tables,3,7200,0.1,19440.0,15563.38,3876.62,UPI,Delivered
ORD01462,2025-01-21,CUST162,Neha Joshi,Male,60,Jaipur,Rajasthan,North,P118,Green Tea,Grocery,Beverages,3,500,0.05,0.0,0.0,0.0,Net Banking,Cancelled
ORD00443,2025-01-22,CUST141,Karan Patel,Male,52,Bhubaneswar,Odisha,East,P104,Bluetooth Speaker,Electronics,Audio,2,2800,0.05,5320.0,3384.76,1935.24,UPI,Delivered
ORD00457,2025-01-22,CUST036,Amit Kapoor,Male,31,Bengaluru,Karnataka,South,P104,Bluetooth Speaker,Electronics,Audio,2,2800,0.1,5040.0,4256.3,783.7,Net Banking,Delivered
ORD00788,2025-01-22,CUST134,Sahil Verma,Female,19,Ahmedabad,Gujarat,West,P106,USB-C Charger,Electronics,Accessories,3,1200,0.1,3240.0,2392.35,847.65,UPI,Delivered
ORD00334,2025-01-23,CUST027,Pooja Verma,Male,25,Chandigarh,Chandigarh,North,P110,Bedsheet Set,Home & Living,Bedding,2,1800,0.1,3240.0,2143.18,1096.82,Net Banking,Delivered
ORD00841,2025-01-23,CUST167,Priya Desai,Male,54,Kolkata,West Bengal,East,P102,Smartphone,Electronics,Mobile,2,18500,0.15,31450.0,23245.99,8204.01,UPI,Delivered
ORD01248,2025-01-23,CUST190,Isha Trivedi,Male,37,Delhi,Delhi,North,P115,Jeans,Fashion,Clothing,2,1900,0.05,3610.0,2331.39,1278.61,UPI,Delivered
ORD01276,2025-01-23,CUST245,Amit Rathod,Female,56,Hyderabad,Telangana,South,P101,Wireless Headphones,Electronics,Audio,2,3200,0.15,5440.0,4036.86,1403.14,Credit Card,Delivered
ORD01356,2025-01-23,CUST177,Kavya Desai,Female,49,Surat,Gujarat,West,P103,Smartwatch,Electronics,Wearables,2,6500,0.1,11700.0,9809.67,1890.33,Net Banking,Delivered
ORD01468,2025-01-23,CUST116,Arjun Sharma,Female,30,Kochi,Kerala,South,P112,Backpack,Fashion,Bags,2,2200,0.1,3960.0,3181.07,778.93,Debit Card,Delivered
ORD00663,2025-01-24,CUST150,Amit Rathod,Male,30,Pune,Maharashtra,West,P107,Office Chair,Furniture,Chairs,2,8500,0.1,15300.0,10928.15,4371.85,Cash on Delivery,Delivered
ORD00698,2025-01-24,CUST173,Neha Dave,Male,45,Kochi,Kerala,South,P116,Organic Coffee,Grocery,Beverages,2,650,0.1,1170.0,932.03,237.97,UPI,Delivered
ORD01436,2025-01-24,CUST004,Anjali Singh,Female,53,Patna,Bihar,East,P118,Green Tea,Grocery,Beverages,3,500,0.15,1275.0,906.45,368.55,Net Banking,Delivered
ORD00045,2025-01-25,CUST171,Simran Dave,Female,56,Chandigarh,Chandigarh,North,P110,Bedsheet Set,Home & Living,Bedding,2,1800,0.15,3060.0,2663.58,396.42,Debit Card,Delivered
ORD00138,2025-01-25,CUST020,Varun Kapoor,Female,51,Surat,Gujarat,West,P110,Bedsheet Set,Home & Living,Bedding,2,1800,0.1,3240.0,2313.88,926.12,Debit Card,Delivered
ORD00139,2025-01-25,CUST080,Neha Thakkar,Male,52,Delhi,Delhi,North,P114,T-Shirt,Fashion,Clothing,3,900,0.0,2700.0,1824.25,875.75,Credit Card,Delivered
ORD00433,2025-01-25,CUST226,Sahil Pandya,Male,33,Bengaluru,Karnataka,South,P116,Organic Coffee,Grocery,Beverages,3,650,0.1,1755.0,1400.26,354.74,UPI,Delivered
ORD00495,2025-01-25,CUST023,Arjun Desai,Female,35,Bhubaneswar,Odisha,East,P106,USB-C Charger,Electronics,Accessories,1,1200,0.05,1140.0,829.14,310.86,UPI,Delivered
ORD00507,2025-01-25,CUST028,Anjali Mehta,Male,25,Lucknow,Uttar Pradesh,North,P102,Smartphone,Electronics,Mobile,2,18500,0.05,35150.0,28179.31,6970.69,UPI,Delivered
ORD00661,2025-01-25,CUST058,Amit Shah,Male,36,Chennai,Tamil Nadu,South,P102,Smartphone,Electronics,Mobile,3,18500,0.1,49950.0,33049.27,16900.73,Credit Card,Delivered
ORD00706,2025-01-25,CUST038,Meera Kapoor,Female,30,Mumbai,Maharashtra,West,P118,Green Tea,Grocery,Beverages,2,500,0.1,900.0,677.06,222.94,UPI,Delivered
ORD01158,2025-01-25,CUST032,Priya Shah,Female,40,Ahmedabad,Gujarat,West,P113,Running Shoes,Fashion,Footwear,3,3800,0.05,10830.0,8536.8,2293.2,Credit Card,Delivered
ORD01293,2025-01-25,CUST120,Pooja Rathod,Male,18,Chennai,Tamil Nadu,South,P109,Bookshelf,Furniture,Storage,1,6200,0.1,5580.0,3948.23,1631.77,Net Banking,Delivered
ORD00005,2025-01-26,CUST194,Meera Trivedi,Female,27,Hyderabad,Telangana,South,P111,Coffee Maker,Home & Living,Kitchen,2,4500,0.1,8100.0,5556.68,2543.32,UPI,Delivered
ORD00548,2025-01-26,CUST016,Rohan Dave,Female,52,Patna,Bihar,East,P108,Study Table,Furniture,Tables,2,7200,0.1,12960.0,11044.21,1915.79,Cash on Delivery,Delivered
ORD00689,2025-01-26,CUST016,Rohan Dave,Female,52,Jaipur,Rajasthan,North,P107,Office Chair,Furniture,Chairs,1,8500,0.05,8075.0,5678.31,2396.69,UPI,Delivered
ORD00861,2025-01-26,CUST212,Isha Pandya,Male,40,Surat,Gujarat,West,P106,USB-C Charger,Electronics,Accessories,3,1200,0.1,3240.0,2403.73,836.27,Debit Card,Delivered
ORD00117,2025-01-27,CUST196,Rahul Rami,Male,35,Kochi,Kerala,South,P114,T-Shirt,Fashion,Clothing,4,900,0.1,3240.0,2506.27,733.73,UPI,Delivered
ORD00128,2025-01-27,CUST188,Arjun Kapoor,Female,45,Pune,Maharashtra,West,P112,Backpack,Fashion,Bags,3,2200,0.05,6270.0,4610.51,1659.49,Debit Card,Delivered
ORD00552,2025-01-27,CUST135,Isha Rathod,Female,49,Hyderabad,Telangana,South,P112,Backpack,Fashion,Bags,2,2200,0.0,0.0,0.0,0.0,Credit Card,Cancelled
ORD00625,2025-01-27,CUST146,Sneha Trivedi,Male,53,Kochi,Kerala,South,P114,T-Shirt,Fashion,Clothing,3,900,0.1,2430.0,2037.16,392.84,UPI,Delivered
ORD01144,2025-01-27,CUST063,Anjali Pandya,Female,33,Ahmedabad,Gujarat,West,P108,Study Table,Furniture,Tables,2,7200,0.1,12960.0,9788.75,3171.25,Cash on Delivery,Delivered
ORD01183,2025-01-27,CUST088,Nisha Mehta,Female,25,Pune,Maharashtra,West,P111,Coffee Maker,Home & Living,Kitchen,5,4500,0.15,19125.0,16145.54,2979.46,Cash on Delivery,Delivered
ORD00185,2025-01-28,CUST081,Varun Thakkar,Female,19,Chandigarh,Chandigarh,North,P102,Smartphone,Electronics,Mobile,3,18500,0.0,55500.0,40046.97,15453.03,Credit Card,Delivered
ORD00402,2025-01-28,CUST017,Karan Shah,Female,57,Delhi,Delhi,North,P106,USB-C Charger,Electronics,Accessories,3,1200,0.15,3060.0,2725.1,334.9,Debit Card,Delivered
ORD00474,2025-01-28,CUST173,Neha Dave,Male,45,Jaipur,Rajasthan,North,P118,Green Tea,Grocery,Beverages,2,500,0.05,950.0,743.15,206.85,Credit Card,Delivered
ORD00502,2025-01-28,CUST087,Karan Thakkar,Female,55,Patna,Bihar,East,P116,Organic Coffee,Grocery,Beverages,3,650,0.05,0.0,0.0,0.0,UPI,Cancelled
ORD00805,2025-01-28,CUST058,Amit Shah,Male,36,Vadodara,Gujarat,West,P109,Bookshelf,Furniture,Storage,3,6200,0.15,15810.0,13531.03,2278.97,Net Banking,Delivered
ORD01251,2025-01-28,CUST056,Isha Verma,Male,19,Delhi,Delhi,North,P109,Bookshelf,Furniture,Storage,2,6200,0.05,11780.0,7458.75,4321.25,Credit Card,Delivered
ORD01254,2025-01-28,CUST038,Meera Kapoor,Female,30,Kochi,Kerala,South,P108,Study Table,Furniture,Tables,2,7200,0.05,13680.0,9019.56,4660.44,Cash on Delivery,Delivered
ORD01273,2025-01-28,CUST053,Meera Singh,Female,49,Vadodara,Gujarat,West,P104,Bluetooth Speaker,Electronics,Audio,1,2800,0.05,2660.0,2037.55,622.45,Net Banking,Delivered
ORD01319,2025-01-28,CUST200,Sahil Joshi,Female,45,Lucknow,Uttar Pradesh,North,P116,Organic Coffee,Grocery,Beverages,2,650,0.1,1170.0,876.28,-102.8,Credit Card,Returned
ORD00374,2025-01-29,CUST168,Kavya Mehta,Female,18,Bhubaneswar,Odisha,East,P108,Study Table,Furniture,Tables,2,7200,0.0,14400.0,10099.72,4300.28,Net Banking,Delivered
ORD01457,2025-01-29,CUST137,Rahul Shah,Male,60,Jaipur,Rajasthan,North,P107,Office Chair,Furniture,Chairs,2,8500,0.15,14450.0,12924.72,1525.28,UPI,Delivered
ORD01399,2025-01-30,CUST249,Neha Trivedi,Male,35,Chandigarh,Chandigarh,North,P105,Laptop,Electronics,Computers,2,52000,0.05,98800.0,73056.12,25743.88,Credit Card,Delivered
ORD00382,2025-01-31,CUST120,Pooja Rathod,Male,18,Jaipur,Rajasthan,North,P102,Smartphone,Electronics,Mobile,2,18500,0.1,33300.0,27408.16,5891.84,UPI,Delivered
ORD00775,2025-01-31,CUST128,Rohan Kapoor,Female,38,Chennai,Tamil Nadu,South,P113,Running Shoes,Fashion,Footwear,3,3800,0.2,9120.0,6966.98,2153.02,UPI,Delivered
ORD00973,2025-01-31,CUST236,Sahil Dave,Male,43,Delhi,Delhi,North,P108,Study Table,Furniture,Tables,2,7200,0.1,12960.0,8945.85,4014.15,UPI,Delivered
ORD01162,2025-01-31,CUST150,Amit Rathod,Male,30,Kochi,Kerala,South,P110,Bedsheet Set,Home & Living,Bedding,3,1800,0.1,4860.0,3501.05,1358.95,Debit Card,Delivered
ORD01340,2025-01-31,CUST167,Priya Desai,Male,54,Jaipur,Rajasthan,North,P102,Smartphone,Electronics,Mobile,2,18500,0.05,35150.0,27205.3,7944.7,Credit Card,Delivered
ORD01359,2025-01-31,CUST143,Vivek Kapoor,Female,51,Bhubaneswar,Odisha,East,P111,Coffee Maker,Home & Living,Kitchen,1,4500,0.1,4050.0,2811.07,1238.93,UPI,Delivered
ORD00188,2025-02-01,CUST243,Meera Rathod,Male,35,Hyderabad,Telangana,South,P117,Dry Fruits,Grocery,Food,2,1100,0.0,2200.0,1421.29,778.71,Debit Card,Delivered
ORD01309,2025-02-01,CUST079,Sneha Rami,Female,37,Bengaluru,Karnataka,South,P116,Organic Coffee,Grocery,Beverages,3,650,0.15,1657.5,1246.75,410.75,Credit Card,Delivered
ORD01479,2025-02-01,CUST189,Amit Trivedi,Female,44,Ahmedabad,Gujarat,West,P102,Smartphone,Electronics,Mobile,4,18500,0.1,66600.0,44846.88,21753.12,UPI,Delivered
ORD00074,2025-02-02,CUST204,Vivek Mehta,Male,38,Jaipur,Rajasthan,North,P111,Coffee Maker,Home & Living,Kitchen,2,4500,0.1,8100.0,6606.73,1493.27,Debit Card,Delivered
ORD00484,2025-02-02,CUST030,Vivek Joshi,Female,58,Lucknow,Uttar Pradesh,North,P110,Bedsheet Set,Home & Living,Bedding,1,1800,0.1,1620.0,1266.46,353.54,UPI,Delivered
ORD00921,2025-02-02,CUST169,Aditya Shah,Male,24,Vadodara,Gujarat,West,P103,Smartwatch,Electronics,Wearables,2,6500,0.1,11700.0,9853.19,1846.81,Credit Card,Delivered
ORD00148,2025-02-03,CUST183,Rahul Desai,Female,20,Pune,Maharashtra,West,P104,Bluetooth Speaker,Electronics,Audio,2,2800,0.1,5040.0,3781.14,1258.86,Credit Card,Delivered
ORD00577,2025-02-03,CUST108,Rohan Mehta,Male,32,Jaipur,Rajasthan,North,P114,T-Shirt,Fashion,Clothing,1,900,0.1,810.0,543.83,266.17,UPI,Delivered
ORD00747,2025-02-03,CUST219,Meera Rathod,Female,59,Patna,Bihar,East,P108,Study Table,Furniture,Tables,2,7200,0.15,12240.0,9393.89,2846.11,Credit Card,Delivered
ORD00766,2025-02-03,CUST031,Riya Trivedi,Female,29,Bhubaneswar,Odisha,East,P112,Backpack,Fashion,Bags,1,2200,0.0,2200.0,1290.46,909.54,Credit Card,Delivered
ORD00811,2025-02-03,CUST138,Amit Rathod,Male,18,Jaipur,Rajasthan,North,P109,Bookshelf,Furniture,Storage,3,6200,0.15,15810.0,12836.03,2973.97,Net Banking,Delivered
ORD01126,2025-02-03,CUST105,Nisha Rathod,Female,24,Delhi,Delhi,North,P117,Dry Fruits,Grocery,Food,2,1100,0.2,1760.0,1375.83,-134.46,UPI,Returned
ORD01423,2025-02-03,CUST037,Riya Singh,Male,32,Kochi,Kerala,South,P105,Laptop,Electronics,Computers,4,52000,0.1,187200.0,143694.46,43505.54,Debit Card,Delivered
ORD00509,2025-02-04,CUST116,Arjun Sharma,Female,30,Bengaluru,Karnataka,South,P113,Running Shoes,Fashion,Footwear,4,3800,0.0,15200.0,8884.6,6315.4,Net Banking,Delivered
ORD00526,2025-02-04,CUST191,Nisha Rathod,Female,46,Chandigarh,Chandigarh,North,P104,Bluetooth Speaker,Electronics,Audio,3,2800,0.0,8400.0,4962.11,3437.89,Debit Card,Delivered
ORD00665,2025-02-04,CUST193,Varun Mehta,Female,22,Chandigarh,Chandigarh,North,P110,Bedsheet Set,Home & Living,Bedding,5,1800,0.05,8550.0,5594.59,2955.41,Debit Card,Delivered
ORD00886,2025-02-04,CUST037,Riya Singh,Male,32,Chennai,Tamil Nadu,South,P117,Dry Fruits,Grocery,Food,2,1100,0.1,1980.0,1350.11,-220.46,Debit Card,Returned
ORD00948,2025-02-04,CUST245,Amit Rathod,Female,56,Vadodara,Gujarat,West,P112,Backpack,Fashion,Bags,2,2200,0.05,4180.0,2897.3,1282.7,Credit Card,Delivered
ORD00957,2025-02-04,CUST247,Rohan Trivedi,Male,30,Vadodara,Gujarat,West,P113,Running Shoes,Fashion,Footwear,3,3800,0.1,10260.0,7730.24,2529.76,UPI,Delivered
ORD01193,2025-02-04,CUST129,Riya Sharma,Male,47,Kolkata,West Bengal,East,P117,Dry Fruits,Grocery,Food,2,1100,0.05,2090.0,1648.48,441.52,Credit Card,Delivered
ORD00130,2025-02-05,CUST008,Rahul Rathod,Female,39,Delhi,Delhi,North,P112,Backpack,Fashion,Bags,5,2200,0.1,9900.0,8040.64,1859.36,UPI,Delivered
ORD00335,2025-02-05,CUST046,Rohan Rathod,Female,47,Kochi,Kerala,South,P105,Laptop,Electronics,Computers,3,52000,0.05,148200.0,98950.76,49249.24,UPI,Delivered
ORD00961,2025-02-05,CUST119,Amit Kapoor,Male,40,Vadodara,Gujarat,West,P117,Dry Fruits,Grocery,Food,3,1100,0.0,3300.0,2328.84,971.16,UPI,Delivered
ORD01266,2025-02-05,CUST223,Amit Patel,Female,19,Patna,Bihar,East,P111,Coffee Maker,Home & Living,Kitchen,3,4500,0.1,12150.0,8180.36,3969.64,Debit Card,Delivered
ORD00501,2025-02-06,CUST187,Arjun Kapoor,Female,53,Ahmedabad,Gujarat,West,P117,Dry Fruits,Grocery,Food,3,1100,0.0,3300.0,2188.44,1111.56,Credit Card,Delivered
ORD00721,2025-02-06,CUST246,Isha Joshi,Female,43,Bhubaneswar,Odisha,East,P118,Green Tea,Grocery,Beverages,3,500,0.1,1350.0,1166.74,183.26,UPI,Delivered
ORD00758,2025-02-06,CUST062,Amit Sharma,Female,23,Bengaluru,Karnataka,South,P107,Office Chair,Furniture,Chairs,3,8500,0.05,24225.0,18098.55,6126.45,Debit Card,Delivered
ORD01009,2025-02-06,CUST050,Riya Rami,Female,44,Mumbai,Maharashtra,West,P105,Laptop,Electronics,Computers,3,52000,0.15,132600.0,109752.07,22847.93,Debit Card,Delivered
ORD00064,2025-02-07,CUST187,Arjun Kapoor,Female,53,Surat,Gujarat,West,P115,Jeans,Fashion,Clothing,2,1900,0.1,3420.0,2580.87,839.13,UPI,Delivered
ORD01024,2025-02-07,CUST018,Sneha Patel,Female,23,Jaipur,Rajasthan,North,P112,Backpack,Fashion,Bags,2,2200,0.05,4180.0,3429.48,750.52,Debit Card,Delivered
ORD01139,2025-02-07,CUST080,Neha Thakkar,Male,52,Bengaluru,Karnataka,South,P104,Bluetooth Speaker,Electronics,Audio,3,2800,0.15,7140.0,6442.46,697.54,Net Banking,Delivered
ORD01282,2025-02-07,CUST161,Riya Thakkar,Male,22,Ahmedabad,Gujarat,West,P114,T-Shirt,Fashion,Clothing,2,900,0.05,1710.0,1165.78,544.22,Net Banking,Delivered
ORD01413,2025-02-07,CUST131,Amit Sharma,Female,48,Hyderabad,Telangana,South,P103,Smartwatch,Electronics,Wearables,2,6500,0.2,0.0,0.0,0.0,Cash on Delivery,Cancelled
ORD00052,2025-02-08,CUST168,Kavya Mehta,Female,18,Kolkata,West Bengal,East,P112,Backpack,Fashion,Bags,2,2200,0.1,3960.0,3247.84,712.16,UPI,Delivered
ORD00054,2025-02-08,CUST141,Karan Patel,Male,52,Surat,Gujarat,West,P103,Smartwatch,Electronics,Wearables,1,6500,0.0,6500.0,3885.11,2614.89,UPI,Delivered
ORD00204,2025-02-08,CUST181,Aditya Trivedi,Female,58,Chennai,Tamil Nadu,South,P114,T-Shirt,Fashion,Clothing,3,900,0.0,2700.0,2051.38,648.62,Debit Card,Delivered
ORD00469,2025-02-08,CUST020,Varun Kapoor,Female,51,Chandigarh,Chandigarh,North,P116,Organic Coffee,Grocery,Beverages,5,650,0.1,2925.0,1928.35,996.65,UPI,Delivered
ORD00691,2025-02-08,CUST026,Nisha Shah,Male,24,Kochi,Kerala,South,P113,Running Shoes,Fashion,Footwear,2,3800,0.05,7220.0,4606.62,2613.38,UPI,Delivered
ORD00790,2025-02-08,CUST012,Amit Mehta,Male,38,Kolkata,West Bengal,East,P118,Green Tea,Grocery,Beverages,2,500,0.15,0.0,0.0,0.0,Cash on Delivery,Cancelled
ORD01246,2025-02-08,CUST209,Riya Kapoor,Female,51,Kochi,Kerala,South,P108,Study Table,Furniture,Tables,1,7200,0.05,6840.0,5395.7,1444.3,Net Banking,Delivered
ORD01330,2025-02-09,CUST010,Vivek Rathod,Female,33,Bhubaneswar,Odisha,East,P102,Smartphone,Electronics,Mobile,2,18500,0.2,29600.0,25550.94,4049.06,UPI,Delivered
ORD01090,2025-02-10,CUST029,Neha Mehta,Male,22,Chandigarh,Chandigarh,North,P112,Backpack,Fashion,Bags,1,2200,0.05,2090.0,1362.11,727.89,UPI,Delivered
ORD01343,2025-02-10,CUST196,Rahul Rami,Male,35,Lucknow,Uttar Pradesh,North,P113,Running Shoes,Fashion,Footwear,1,3800,0.2,0.0,0.0,0.0,UPI,Cancelled
ORD00136,2025-02-11,CUST012,Amit Mehta,Male,38,Hyderabad,Telangana,South,P117,Dry Fruits,Grocery,Food,2,1100,0.1,1980.0,1572.69,407.31,Credit Card,Delivered
ORD00237,2025-02-11,CUST123,Sahil Dave,Male,22,Jaipur,Rajasthan,North,P103,Smartwatch,Electronics,Wearables,3,6500,0.1,17550.0,12000.97,5549.03,Credit Card,Delivered
ORD00399,2025-02-11,CUST065,Sahil Dave,Male,37,Bhubaneswar,Odisha,East,P108,Study Table,Furniture,Tables,2,7200,0.1,12960.0,8713.4,4246.6,Debit Card,Delivered
ORD00545,2025-02-11,CUST203,Amit Desai,Male,27,Mumbai,Maharashtra,West,P109,Bookshelf,Furniture,Storage,1,6200,0.2,4960.0,3670.68,1289.32,UPI,Delivered
ORD00562,2025-02-11,CUST109,Priya Patel,Female,40,Ahmedabad,Gujarat,West,P118,Green Tea,Grocery,Beverages,1,500,0.15,425.0,322.78,102.22,Credit Card,Delivered
ORD00986,2025-02-11,CUST050,Riya Rami,Female,44,Chennai,Tamil Nadu,South,P116,Organic Coffee,Grocery,Beverages,3,650,0.05,1852.5,1240.38,612.12,Debit Card,Delivered
ORD01360,2025-02-11,CUST092,Rohan Rathod,Female,46,Ahmedabad,Gujarat,West,P105,Laptop,Electronics,Computers,2,52000,0.15,88400.0,66873.16,21526.84,Credit Card,Delivered
ORD00324,2025-02-12,CUST073,Sahil Trivedi,Female,19,Bhubaneswar,Odisha,East,P117,Dry Fruits,Grocery,Food,3,1100,0.05,3135.0,2385.27,749.73,UPI,Delivered
ORD00729,2025-02-12,CUST241,Karan Singh,Female,24,Kochi,Kerala,South,P117,Dry Fruits,Grocery,Food,1,1100,0.15,935.0,640.2,294.8,Net Banking,Delivered
ORD01044,2025-02-12,CUST181,Aditya Trivedi,Female,58,Lucknow,Uttar Pradesh,North,P111,Coffee Maker,Home & Living,Kitchen,2,4500,0.15,7650.0,6839.84,810.16,Credit Card,Delivered
ORD01323,2025-02-12,CUST081,Varun Thakkar,Female,19,Mumbai,Maharashtra,West,P107,Office Chair,Furniture,Chairs,3,8500,0.05,0.0,0.0,0.0,Credit Card,Cancelled
ORD00046,2025-02-13,CUST098,Vivek Pandya,Female,20,Patna,Bihar,East,P105,Laptop,Electronics,Computers,3,52000,0.2,124800.0,115128.42,9671.58,Debit Card,Delivered
ORD00460,2025-02-13,CUST199,Pooja Mehta,Male,18,Chennai,Tamil Nadu,South,P115,Jeans,Fashion,Clothing,4,1900,0.1,6840.0,5166.44,1673.56,UPI,Delivered
ORD01190,2025-02-13,CUST241,Karan Singh,Female,24,Chennai,Tamil Nadu,South,P110,Bedsheet Set,Home & Living,Bedding,2,1800,0.1,3240.0,2651.51,588.49,Credit Card,Delivered
ORD00338,2025-02-14,CUST116,Arjun Sharma,Female,30,Hyderabad,Telangana,South,P116,Organic Coffee,Grocery,Beverages,1,650,0.0,650.0,470.44,179.56,Debit Card,Delivered
ORD00349,2025-02-14,CUST082,Neha Dave,Male,53,Surat,Gujarat,West,P113,Running Shoes,Fashion,Footwear,5,3800,0.05,18050.0,14601.67,3448.33,UPI,Delivered
ORD00375,2025-02-14,CUST062,Amit Sharma,Female,23,Bhubaneswar,Odisha,East,P107,Office Chair,Furniture,Chairs,5,8500,0.1,38250.0,27841.25,10408.75,Net Banking,Delivered
ORD00642,2025-02-14,CUST199,Pooja Mehta,Male,18,Jaipur,Rajasthan,North,P117,Dry Fruits,Grocery,Food,3,1100,0.1,2970.0,1984.1,985.9,Debit Card,Delivered
ORD00680,2025-02-14,CUST133,Rahul Verma,Male,21,Delhi,Delhi,North,P105,Laptop,Electronics,Computers,5,52000,0.0,260000.0,166370.0,93630.0,UPI,Delivered
ORD00768,2025-02-14,CUST084,Sahil Sharma,Female,25,Kochi,Kerala,South,P118,Green Tea,Grocery,Beverages,2,500,0.0,1000.0,766.81,233.19,Debit Card,Delivered
ORD01023,2025-02-14,CUST069,Riya Patel,Female,18,Pune,Maharashtra,West,P110,Bedsheet Set,Home & Living,Bedding,3,1800,0.05,5130.0,4031.1,1098.9,Net Banking,Delivered
ORD00205,2025-02-15,CUST219,Meera Rathod,Female,59,Jaipur,Rajasthan,North,P102,Smartphone,Electronics,Mobile,2,18500,0.15,31450.0,25505.2,-2080.68,Credit Card,Returned
ORD00472,2025-02-15,CUST171,Simran Dave,Female,56,Vadodara,Gujarat,West,P105,Laptop,Electronics,Computers,3,52000,0.15,132600.0,120905.62,11694.38,Net Banking,Delivered
ORD00566,2025-02-15,CUST100,Meera Rami,Male,19,Pune,Maharashtra,West,P107,Office Chair,Furniture,Chairs,3,8500,0.15,21675.0,19099.7,2575.3,Credit Card,Delivered
ORD00870,2025-02-15,CUST234,Pooja Kapoor,Male,39,Mumbai,Maharashtra,West,P117,Dry Fruits,Grocery,Food,2,1100,0.1,1980.0,1308.18,671.82,Debit Card,Delivered
ORD01058,2025-02-15,CUST015,Priya Sharma,Female,24,Jaipur,Rajasthan,North,P118,Green Tea,Grocery,Beverages,1,500,0.05,475.0,341.24,133.76,Credit Card,Delivered
ORD01083,2025-02-15,CUST145,Varun Dave,Male,46,Lucknow,Uttar Pradesh,North,P112,Backpack,Fashion,Bags,5,2200,0.05,10450.0,7717.51,2732.49,UPI,Delivered
ORD01084,2025-02-15,CUST250,Meera Sharma,Male,39,Kolkata,West Bengal,East,P108,Study Table,Furniture,Tables,3,7200,0.0,21600.0,15531.39,6068.61,Credit Card,Delivered
ORD00241,2025-02-16,CUST098,Vivek Pandya,Female,20,Bhubaneswar,Odisha,East,P113,Running Shoes,Fashion,Footwear,3,3800,0.0,11400.0,8414.36,2985.64,UPI,Delivered
ORD00300,2025-02-16,CUST185,Rohan Kapoor,Female,33,Chennai,Tamil Nadu,South,P116,Organic Coffee,Grocery,Beverages,3,650,0.2,1560.0,1425.16,134.84,Credit Card,Delivered
ORD00313,2025-02-16,CUST112,Meera Rami,Male,54,Lucknow,Uttar Pradesh,North,P105,Laptop,Electronics,Computers,2,52000,0.2,83200.0,76645.13,6554.87,Debit Card,Delivered
ORD00563,2025-02-16,CUST223,Amit Patel,Female,19,Mumbai,Maharashtra,West,P118,Green Tea,Grocery,Beverages,4,500,0.0,2000.0,1262.83,737.17,Credit Card,Delivered
ORD00672,2025-02-16,CUST128,Rohan Kapoor,Female,38,Patna,Bihar,East,P107,Office Chair,Furniture,Chairs,2,8500,0.0,17000.0,11408.93,5591.07,Net Banking,Delivered
ORD00829,2025-02-16,CUST172,Vivek Kapoor,Male,56,Chandigarh,Chandigarh,North,P106,USB-C Charger,Electronics,Accessories,3,1200,0.15,3060.0,2211.96,848.04,Net Banking,Delivered
ORD01016,2025-02-16,CUST117,Varun Rathod,Female,47,Ahmedabad,Gujarat,West,P116,Organic Coffee,Grocery,Beverages,3,650,0.15,0.0,0.0,0.0,Credit Card,Cancelled
ORD01215,2025-02-16,CUST140,Rohan Dave,Male,29,Jaipur,Rajasthan,North,P114,T-Shirt,Fashion,Clothing,4,900,0.15,3060.0,2435.98,624.02,UPI,Delivered
ORD01440,2025-02-16,CUST129,Riya Sharma,Male,47,Patna,Bihar,East,P115,Jeans,Fashion,Clothing,3,1900,0.05,5415.0,3811.76,1603.24,UPI,Delivered
ORD00245,2025-02-17,CUST135,Isha Rathod,Female,49,Bengaluru,Karnataka,South,P103,Smartwatch,Electronics,Wearables,5,6500,0.0,32500.0,18870.59,13629.41,Debit Card,Delivered
ORD00512,2025-02-17,CUST122,Sahil Trivedi,Female,18,Delhi,Delhi,North,P109,Bookshelf,Furniture,Storage,1,6200,0.1,5580.0,4554.11,1025.89,Debit Card,Delivered
ORD00707,2025-02-17,CUST051,Pooja Thakkar,Male,50,Pune,Maharashtra,West,P113,Running Shoes,Fashion,Footwear,1,3800,0.2,3040.0,2597.96,442.04,UPI,Delivered
ORD01486,2025-02-17,CUST018,Sneha Patel,Female,23,Patna,Bihar,East,P105,Laptop,Electronics,Computers,2,52000,0.05,98800.0,75595.18,23204.82,Debit Card,Delivered
ORD00177,2025-02-18,CUST243,Meera Rathod,Male,35,Pune,Maharashtra,West,P105,Laptop,Electronics,Computers,2,52000,0.15,88400.0,75005.2,13394.8,Debit Card,Delivered
ORD00218,2025-02-18,CUST177,Kavya Desai,Female,49,Bengaluru,Karnataka,South,P106,USB-C Charger,Electronics,Accessories,1,1200,0.05,1140.0,704.81,435.19,UPI,Delivered
ORD00673,2025-02-18,CUST073,Sahil Trivedi,Female,19,Hyderabad,Telangana,South,P114,T-Shirt,Fashion,Clothing,1,900,0.1,810.0,643.37,-58.32,Cash on Delivery,Returned
ORD01247,2025-02-18,CUST074,Rahul Thakkar,Female,22,Hyderabad,Telangana,South,P117,Dry Fruits,Grocery,Food,2,1100,0.1,1980.0,1543.02,436.98,Credit Card,Delivered
ORD01405,2025-02-18,CUST148,Neha Shah,Male,53,Lucknow,Uttar Pradesh,North,P110,Bedsheet Set,Home & Living,Bedding,1,1800,0.1,1620.0,1068.45,551.55,UPI,Delivered
ORD01487,2025-02-18,CUST190,Isha Trivedi,Male,37,Mumbai,Maharashtra,West,P113,Running Shoes,Fashion,Footwear,2,3800,0.15,6460.0,5310.29,1149.71,Credit Card,Delivered
ORD01296,2025-02-19,CUST019,Vivek Sharma,Female,46,Surat,Gujarat,West,P114,T-Shirt,Fashion,Clothing,3,900,0.15,2295.0,1934.63,360.37,UPI,Delivered
ORD00021,2025-02-20,CUST031,Riya Trivedi,Female,29,Kolkata,West Bengal,East,P109,Bookshelf,Furniture,Storage,3,6200,0.15,15810.0,14231.11,1578.89,Credit Card,Delivered
ORD01213,2025-02-20,CUST247,Rohan Trivedi,Male,30,Lucknow,Uttar Pradesh,North,P116,Organic Coffee,Grocery,Beverages,3,650,0.05,1852.5,1452.11,400.39,Debit Card,Delivered
ORD00542,2025-02-21,CUST068,Aditya Trivedi,Male,57,Chennai,Tamil Nadu,South,P117,Dry Fruits,Grocery,Food,3,1100,0.05,3135.0,2266.88,868.12,Net Banking,Delivered
ORD00780,2025-02-21,CUST101,Vivek Patel,Female,34,Mumbai,Maharashtra,West,P101,Wireless Headphones,Electronics,Audio,2,3200,0.0,6400.0,4077.07,2322.93,Credit Card,Delivered
ORD01453,2025-02-21,CUST026,Nisha Shah,Male,24,Delhi,Delhi,North,P104,Bluetooth Speaker,Electronics,Audio,4,2800,0.0,11200.0,6559.8,4640.2,Net Banking,Delivered
ORD00254,2025-02-22,CUST126,Karan Rathod,Male,47,Jaipur,Rajasthan,North,P107,Office Chair,Furniture,Chairs,3,8500,0.1,22950.0,15908.3,7041.7,UPI,Delivered
ORD00268,2025-02-22,CUST118,Simran Shah,Female,36,Delhi,Delhi,North,P110,Bedsheet Set,Home & Living,Bedding,2,1800,0.15,3060.0,2098.58,961.42,Credit Card,Delivered
ORD00736,2025-02-22,CUST220,Simran Shah,Male,46,Hyderabad,Telangana,South,P114,T-Shirt,Fashion,Clothing,1,900,0.2,720.0,662.52,57.48,Credit Card,Delivered
ORD00464,2025-02-23,CUST239,Karan Kapoor,Female,40,Delhi,Delhi,North,P111,Coffee Maker,Home & Living,Kitchen,3,4500,0.2,10800.0,9403.33,1396.67,Net Banking,Delivered
ORD00923,2025-02-23,CUST094,Pooja Desai,Female,46,Surat,Gujarat,West,P113,Running Shoes,Fashion,Footwear,4,3800,0.2,12160.0,8956.64,3203.36,Credit Card,Delivered
ORD00192,2025-02-24,CUST164,Pooja Kapoor,Female,34,Pune,Maharashtra,West,P108,Study Table,Furniture,Tables,3,7200,0.0,21600.0,16402.86,5197.14,Credit Card,Delivered
ORD00272,2025-02-24,CUST135,Isha Rathod,Female,49,Kochi,Kerala,South,P101,Wireless Headphones,Electronics,Audio,2,3200,0.05,6080.0,4187.83,1892.17,UPI,Delivered
ORD00396,2025-02-24,CUST213,Meera Desai,Male,31,Chennai,Tamil Nadu,South,P116,Organic Coffee,Grocery,Beverages,3,650,0.05,1852.5,1392.31,460.19,Credit Card,Delivered
ORD01280,2025-02-24,CUST112,Meera Rami,Male,54,Mumbai,Maharashtra,West,P101,Wireless Headphones,Electronics,Audio,2,3200,0.1,5760.0,4314.04,1445.96,UPI,Delivered
ORD01384,2025-02-24,CUST113,Rahul Verma,Male,22,Chennai,Tamil Nadu,South,P114,T-Shirt,Fashion,Clothing,3,900,0.1,2430.0,1753.25,676.75,Net Banking,Delivered
ORD00329,2025-02-25,CUST037,Riya Singh,Male,32,Lucknow,Uttar Pradesh,North,P118,Green Tea,Grocery,Beverages,3,500,0.05,1425.0,1132.12,292.88,Debit Card,Delivered
ORD00400,2025-02-25,CUST221,Sneha Kapoor,Female,34,Pune,Maharashtra,West,P108,Study Table,Furniture,Tables,2,7200,0.0,14400.0,8407.17,5992.83,Net Banking,Delivered
ORD00751,2025-02-25,CUST231,Kavya Shah,Male,58,Chandigarh,Chandigarh,North,P108,Study Table,Furniture,Tables,3,7200,0.15,18360.0,15400.01,2959.99,UPI,Delivered
ORD00799,2025-02-25,CUST026,Nisha Shah,Male,24,Vadodara,Gujarat,West,P101,Wireless Headphones,Electronics,Audio,3,3200,0.05,9120.0,6152.68,2967.32,UPI,Delivered
ORD00855,2025-02-25,CUST043,Sneha Dave,Female,24,Hyderabad,Telangana,South,P105,Laptop,Electronics,Computers,2,52000,0.05,98800.0,60544.61,38255.39,Debit Card,Delivered
ORD00937,2025-02-25,CUST112,Meera Rami,Male,54,Patna,Bihar,East,P105,Laptop,Electronics,Computers,3,52000,0.05,148200.0,104937.8,43262.2,Credit Card,Delivered
ORD01030,2025-02-25,CUST127,Karan Thakkar,Female,22,Vadodara,Gujarat,West,P113,Running Shoes,Fashion,Footwear,3,3800,0.0,11400.0,8534.89,2865.11,UPI,Delivered
ORD00622,2025-02-26,CUST069,Riya Patel,Female,18,Surat,Gujarat,West,P110,Bedsheet Set,Home & Living,Bedding,3,1800,0.0,5400.0,4051.99,1348.01,Net Banking,Delivered
ORD01159,2025-02-26,CUST210,Neha Singh,Female,29,Patna,Bihar,East,P107,Office Chair,Furniture,Chairs,3,8500,0.2,20400.0,16131.66,4268.34,Credit Card,Delivered
ORD01209,2025-02-26,CUST196,Rahul Rami,Male,35,Surat,Gujarat,West,P111,Coffee Maker,Home & Living,Kitchen,1,4500,0.15,0.0,0.0,0.0,Debit Card,Cancelled
ORD00551,2025-02-27,CUST129,Riya Sharma,Male,47,Delhi,Delhi,North,P115,Jeans,Fashion,Clothing,1,1900,0.05,1805.0,1259.14,545.86,UPI,Delivered
ORD00657,2025-02-27,CUST085,Riya Mehta,Male,50,Kochi,Kerala,South,P108,Study Table,Furniture,Tables,3,7200,0.1,19440.0,14804.86,4635.14,Credit Card,Delivered
ORD01172,2025-02-27,CUST057,Priya Rathod,Female,40,Lucknow,Uttar Pradesh,North,P102,Smartphone,Electronics,Mobile,4,18500,0.05,70300.0,55421.7,14878.3,Credit Card,Delivered
ORD01271,2025-02-27,CUST246,Isha Joshi,Female,43,Patna,Bihar,East,P116,Organic Coffee,Grocery,Beverages,2,650,0.15,1105.0,969.52,135.48,UPI,Delivered
ORD01292,2025-02-28,CUST144,Simran Trivedi,Male,21,Kolkata,West Bengal,East,P106,USB-C Charger,Electronics,Accessories,3,1200,0.2,2880.0,2279.99,600.01,Debit Card,Delivered
ORD01324,2025-02-28,CUST198,Isha Dave,Male,51,Lucknow,Uttar Pradesh,North,P109,Bookshelf,Furniture,Storage,2,6200,0.0,12400.0,9485.09,2914.91,UPI,Delivered
ORD00079,2025-03-01,CUST208,Priya Rathod,Male,25,Bhubaneswar,Odisha,East,P108,Study Table,Furniture,Tables,2,7200,0.15,12240.0,10588.6,1651.4,Debit Card,Delivered
ORD00427,2025-03-01,CUST197,Meera Shah,Male,38,Pune,Maharashtra,West,P107,Office Chair,Furniture,Chairs,2,8500,0.15,0.0,0.0,0.0,UPI,Cancelled
ORD00712,2025-03-01,CUST004,Anjali Singh,Female,53,Kolkata,West Bengal,East,P105,Laptop,Electronics,Computers,2,52000,0.1,93600.0,62753.25,30846.75,Credit Card,Delivered
ORD00061,2025-03-02,CUST009,Rohan Trivedi,Male,44,Vadodara,Gujarat,West,P117,Dry Fruits,Grocery,Food,2,1100,0.1,1980.0,1492.12,487.88,Cash on Delivery,Delivered
ORD00555,2025-03-02,CUST135,Isha Rathod,Female,49,Lucknow,Uttar Pradesh,North,P101,Wireless Headphones,Electronics,Audio,2,3200,0.1,5760.0,4167.63,1592.37,UPI,Delivered
ORD00601,2025-03-02,CUST101,Vivek Patel,Female,34,Vadodara,Gujarat,West,P109,Bookshelf,Furniture,Storage,3,6200,0.1,16740.0,12806.37,3933.63,Debit Card,Delivered
ORD01338,2025-03-02,CUST021,Vivek Thakkar,Female,31,Kolkata,West Bengal,East,P109,Bookshelf,Furniture,Storage,2,6200,0.1,11160.0,8857.73,2302.27,UPI,Delivered
ORD00351,2025-03-03,CUST223,Amit Patel,Female,19,Bhubaneswar,Odisha,East,P111,Coffee Maker,Home & Living,Kitchen,3,4500,0.05,12825.0,9536.37,3288.63,UPI,Delivered
ORD00557,2025-03-03,CUST041,Sneha Thakkar,Male,40,Kochi,Kerala,South,P115,Jeans,Fashion,Clothing,3,1900,0.05,5415.0,3840.71,1574.29,Net Banking,Delivered
ORD00681,2025-03-03,CUST131,Amit Sharma,Female,48,Kolkata,West Bengal,East,P109,Bookshelf,Furniture,Storage,2,6200,0.1,11160.0,8950.23,2209.77,Cash on Delivery,Delivered
ORD00808,2025-03-03,CUST031,Riya Trivedi,Female,29,Surat,Gujarat,West,P109,Bookshelf,Furniture,Storage,4,6200,0.2,19840.0,15536.16,4303.84,Net Banking,Delivered
ORD01262,2025-03-03,CUST066,Sneha Mehta,Female,20,Chennai,Tamil Nadu,South,P113,Running Shoes,Fashion,Footwear,3,3800,0.1,10260.0,7330.33,2929.67,Credit Card,Delivered
ORD01366,2025-03-03,CUST010,Vivek Rathod,Female,33,Bhubaneswar,Odisha,East,P103,Smartwatch,Electronics,Wearables,3,6500,0.05,0.0,0.0,0.0,Debit Card,Cancelled
ORD00109,2025-03-04,CUST194,Meera Trivedi,Female,27,Surat,Gujarat,West,P106,USB-C Charger,Electronics,Accessories,5,1200,0.05,5700.0,4524.9,1175.1,Net Banking,Delivered
ORD00325,2025-03-04,CUST151,Neha Trivedi,Female,34,Hyderabad,Telangana,South,P115,Jeans,Fashion,Clothing,2,1900,0.0,3800.0,2262.63,1537.37,Cash on Delivery,Delivered
ORD00438,2025-03-04,CUST111,Isha Sharma,Female,23,Jaipur,Rajasthan,North,P114,T-Shirt,Fashion,Clothing,1,900,0.05,855.0,671.83,183.17,Net Banking,Delivered
ORD00834,2025-03-04,CUST208,Priya Rathod,Male,25,Bhubaneswar,Odisha,East,P117,Dry Fruits,Grocery,Food,2,1100,0.1,0.0,0.0,0.0,Cash on Delivery,Cancelled
ORD01301,2025-03-04,CUST238,Aditya Pandya,Male,39,Jaipur,Rajasthan,North,P116,Organic Coffee,Grocery,Beverages,2,650,0.0,1300.0,898.57,401.43,UPI,Delivered
ORD01369,2025-03-04,CUST198,Isha Dave,Male,51,Jaipur,Rajasthan,North,P112,Backpack,Fashion,Bags,2,2200,0.0,4400.0,2919.84,1480.16,UPI,Delivered
ORD00041,2025-03-05,CUST154,Rohan Dave,Male,36,Pune,Maharashtra,West,P114,T-Shirt,Fashion,Clothing,2,900,0.2,1440.0,1110.37,329.63,UPI,Delivered
ORD00435,2025-03-05,CUST135,Isha Rathod,Female,49,Jaipur,Rajasthan,North,P117,Dry Fruits,Grocery,Food,2,1100,0.0,2200.0,1683.84,516.16,UPI,Delivered
ORD00954,2025-03-05,CUST135,Isha Rathod,Female,49,Surat,Gujarat,West,P108,Study Table,Furniture,Tables,1,7200,0.15,6120.0,5460.59,659.41,Credit Card,Delivered
ORD00423,2025-03-06,CUST071,Varun Joshi,Male,47,Bhubaneswar,Odisha,East,P118,Green Tea,Grocery,Beverages,2,500,0.1,900.0,686.33,213.67,Credit Card,Delivered
ORD00749,2025-03-06,CUST248,Aditya Trivedi,Female,27,Vadodara,Gujarat,West,P113,Running Shoes,Fashion,Footwear,1,3800,0.05,3610.0,2540.17,1069.83,Debit Card,Delivered
ORD01169,2025-03-06,CUST007,Kavya Patel,Female,38,Chennai,Tamil Nadu,South,P118,Green Tea,Grocery,Beverages,2,500,0.0,1000.0,688.91,311.09,Credit Card,Delivered
ORD01382,2025-03-06,CUST076,Pooja Mehta,Male,33,Kolkata,West Bengal,East,P114,T-Shirt,Fashion,Clothing,3,900,0.05,2565.0,1740.95,824.05,Debit Card,Delivered
ORD01150,2025-03-07,CUST060,Kavya Joshi,Female,28,Vadodara,Gujarat,West,P118,Green Tea,Grocery,Beverages,3,500,0.1,1350.0,1044.41,305.59,Net Banking,Delivered
ORD00215,2025-03-08,CUST028,Anjali Mehta,Male,25,Mumbai,Maharashtra,West,P112,Backpack,Fashion,Bags,3,2200,0.2,5280.0,4620.86,659.14,Debit Card,Delivered
ORD00839,2025-03-08,CUST239,Karan Kapoor,Female,40,Lucknow,Uttar Pradesh,North,P118,Green Tea,Grocery,Beverages,3,500,0.15,1275.0,940.9,334.1,Debit Card,Delivered
ORD01129,2025-03-08,CUST245,Amit Rathod,Female,56,Chennai,Tamil Nadu,South,P118,Green Tea,Grocery,Beverages,3,500,0.1,0.0,0.0,0.0,Cash on Delivery,Cancelled
ORD01480,2025-03-08,CUST098,Vivek Pandya,Female,20,Pune,Maharashtra,West,P116,Organic Coffee,Grocery,Beverages,2,650,0.1,1170.0,762.65,407.35,UPI,Delivered
ORD01122,2025-03-09,CUST162,Neha Joshi,Male,60,Kolkata,West Bengal,East,P101,Wireless Headphones,Electronics,Audio,1,3200,0.0,3200.0,2452.89,747.11,Debit Card,Delivered
ORD01492,2025-03-09,CUST165,Kavya Joshi,Female,30,Bhubaneswar,Odisha,East,P101,Wireless Headphones,Electronics,Audio,4,3200,0.1,11520.0,8823.08,2696.92,Credit Card,Delivered
ORD00009,2025-03-10,CUST247,Rohan Trivedi,Male,30,Vadodara,Gujarat,West,P117,Dry Fruits,Grocery,Food,3,1100,0.2,0.0,0.0,0.0,Debit Card,Cancelled
ORD01014,2025-03-10,CUST239,Karan Kapoor,Female,40,Chennai,Tamil Nadu,South,P106,USB-C Charger,Electronics,Accessories,3,1200,0.05,0.0,0.0,0.0,Credit Card,Cancelled
ORD01302,2025-03-10,CUST167,Priya Desai,Male,54,Ahmedabad,Gujarat,West,P101,Wireless Headphones,Electronics,Audio,3,3200,0.1,8640.0,6988.41,1651.59,Debit Card,Delivered
ORD00282,2025-03-11,CUST050,Riya Rami,Female,44,Bhubaneswar,Odisha,East,P112,Backpack,Fashion,Bags,1,2200,0.1,0.0,0.0,0.0,Credit Card,Cancelled
ORD00483,2025-03-11,CUST090,Meera Shah,Male,36,Jaipur,Rajasthan,North,P113,Running Shoes,Fashion,Footwear,3,3800,0.15,9690.0,7682.5,-702.62,Credit Card,Returned
ORD00641,2025-03-11,CUST071,Varun Joshi,Male,47,Bengaluru,Karnataka,South,P102,Smartphone,Electronics,Mobile,2,18500,0.1,33300.0,23848.79,9451.21,UPI,Delivered
ORD00874,2025-03-11,CUST009,Rohan Trivedi,Male,44,Bhubaneswar,Odisha,East,P111,Coffee Maker,Home & Living,Kitchen,3,4500,0.05,12825.0,8712.29,4112.71,Debit Card,Delivered
ORD01145,2025-03-11,CUST118,Simran Shah,Female,36,Ahmedabad,Gujarat,West,P116,Organic Coffee,Grocery,Beverages,3,650,0.0,1950.0,1483.8,466.2,UPI,Delivered
ORD00378,2025-03-12,CUST011,Meera Thakkar,Female,20,Surat,Gujarat,West,P118,Green Tea,Grocery,Beverages,2,500,0.05,950.0,673.82,276.18,UPI,Delivered
ORD00440,2025-03-12,CUST151,Neha Trivedi,Female,34,Kochi,Kerala,South,P114,T-Shirt,Fashion,Clothing,1,900,0.1,810.0,601.58,208.42,UPI,Delivered
ORD00793,2025-03-12,CUST057,Priya Rathod,Female,40,Surat,Gujarat,West,P118,Green Tea,Grocery,Beverages,2,500,0.05,950.0,661.75,288.25,Credit Card,Delivered
ORD01433,2025-03-12,CUST124,Neha Rathod,Female,33,Vadodara,Gujarat,West,P107,Office Chair,Furniture,Chairs,1,8500,0.1,7650.0,6382.76,1267.24,Debit Card,Delivered
ORD00121,2025-03-13,CUST010,Vivek Rathod,Female,33,Chandigarh,Chandigarh,North,P110,Bedsheet Set,Home & Living,Bedding,3,1800,0.1,4860.0,3408.1,1451.9,UPI,Delivered
ORD01020,2025-03-13,CUST042,Riya Dave,Male,60,Bhubaneswar,Odisha,East,P103,Smartwatch,Electronics,Wearables,2,6500,0.05,12350.0,9066.55,3283.45,UPI,Delivered
ORD01164,2025-03-13,CUST023,Arjun Desai,Female,35,Kochi,Kerala,South,P105,Laptop,Electronics,Computers,1,52000,0.0,52000.0,33444.27,18555.73,Credit Card,Delivered
ORD00057,2025-03-14,CUST181,Aditya Trivedi,Female,58,Chennai,Tamil Nadu,South,P115,Jeans,Fashion,Clothing,1,1900,0.05,1805.0,1149.29,655.71,Cash on Delivery,Delivered
ORD00328,2025-03-14,CUST238,Aditya Pandya,Male,39,Kolkata,West Bengal,East,P117,Dry Fruits,Grocery,Food,2,1100,0.1,1980.0,1422.79,557.21,Net Banking,Delivered
ORD00406,2025-03-14,CUST034,Neha Shah,Male,54,Vadodara,Gujarat,West,P110,Bedsheet Set,Home & Living,Bedding,3,1800,0.1,4860.0,3756.12,1103.88,Cash on Delivery,Delivered
ORD00071,2025-03-15,CUST070,Anjali Rathod,Male,42,Vadodara,Gujarat,West,P107,Office Chair,Furniture,Chairs,2,8500,0.15,14450.0,11193.31,3256.69,UPI,Delivered
ORD00367,2025-03-15,CUST029,Neha Mehta,Male,22,Hyderabad,Telangana,South,P111,Coffee Maker,Home & Living,Kitchen,1,4500,0.1,4050.0,3122.54,927.46,Net Banking,Delivered
ORD00630,2025-03-15,CUST140,Rohan Dave,Male,29,Jaipur,Rajasthan,North,P118,Green Tea,Grocery,Beverages,2,500,0.1,900.0,737.27,162.73,Credit Card,Delivered
ORD00873,2025-03-15,CUST001,Riya Sharma,Male,32,Bhubaneswar,Odisha,East,P118,Green Tea,Grocery,Beverages,2,500,0.05,0.0,0.0,0.0,Cash on Delivery,Cancelled
ORD01128,2025-03-15,CUST176,Isha Trivedi,Female,50,Vadodara,Gujarat,West,P114,T-Shirt,Fashion,Clothing,4,900,0.05,0.0,0.0,0.0,Credit Card,Cancelled
ORD01180,2025-03-15,CUST152,Isha Thakkar,Female,42,Chandigarh,Chandigarh,North,P113,Running Shoes,Fashion,Footwear,2,3800,0.05,7220.0,5512.83,1707.17,Debit Card,Delivered
ORD01476,2025-03-15,CUST153,Nisha Singh,Male,53,Chandigarh,Chandigarh,North,P108,Study Table,Furniture,Tables,2,7200,0.15,12240.0,10283.51,1956.49,Cash on Delivery,Delivered
ORD00473,2025-03-16,CUST116,Arjun Sharma,Female,30,Delhi,Delhi,North,P104,Bluetooth Speaker,Electronics,Audio,4,2800,0.1,10080.0,7184.22,2895.78,Credit Card,Delivered
ORD00836,2025-03-16,CUST230,Amit Patel,Female,59,Chennai,Tamil Nadu,South,P112,Backpack,Fashion,Bags,1,2200,0.05,2090.0,1431.57,658.43,UPI,Delivered
ORD00084,2025-03-17,CUST011,Meera Thakkar,Female,20,Delhi,Delhi,North,P109,Bookshelf,Furniture,Storage,5,6200,0.0,31000.0,21073.11,9926.89,Debit Card,Delivered
ORD00920,2025-03-17,CUST144,Simran Trivedi,Male,21,Mumbai,Maharashtra,West,P116,Organic Coffee,Grocery,Beverages,3,650,0.2,1560.0,1301.83,258.17,Net Banking,Delivered
ORD00591,2025-03-18,CUST203,Amit Desai,Male,27,Patna,Bihar,East,P118,Green Tea,Grocery,Beverages,3,500,0.1,1350.0,873.17,476.83,Credit Card,Delivered
ORD00714,2025-03-18,CUST158,Rohan Trivedi,Female,38,Vadodara,Gujarat,West,P107,Office Chair,Furniture,Chairs,3,8500,0.05,24225.0,15072.71,9152.29,Credit Card,Delivered
ORD00776,2025-03-18,CUST194,Meera Trivedi,Female,27,Bengaluru,Karnataka,South,P116,Organic Coffee,Grocery,Beverages,4,650,0.1,2340.0,1890.44,449.56,UPI,Delivered
ORD00831,2025-03-18,CUST220,Simran Shah,Male,46,Kolkata,West Bengal,East,P117,Dry Fruits,Grocery,Food,1,1100,0.1,990.0,722.2,267.8,Debit Card,Delivered
ORD00418,2025-03-19,CUST145,Varun Dave,Male,46,Delhi,Delhi,North,P117,Dry Fruits,Grocery,Food,4,1100,0.1,3960.0,2712.75,1247.25,UPI,Delivered
ORD00572,2025-03-19,CUST040,Isha Sharma,Male,49,Surat,Gujarat,West,P104,Bluetooth Speaker,Electronics,Audio,2,2800,0.05,5320.0,3974.28,1345.72,UPI,Delivered
ORD01223,2025-03-19,CUST249,Neha Trivedi,Male,35,Kolkata,West Bengal,East,P102,Smartphone,Electronics,Mobile,1,18500,0.05,17575.0,10839.31,6735.69,Credit Card,Delivered
ORD01348,2025-03-19,CUST202,Kavya Mehta,Male,40,Patna,Bihar,East,P118,Green Tea,Grocery,Beverages,3,500,0.1,1350.0,1088.09,-91.67,Cash on Delivery,Returned
ORD01400,2025-03-19,CUST055,Riya Patel,Male,54,Patna,Bihar,East,P113,Running Shoes,Fashion,Footwear,3,3800,0.15,9690.0,7826.99,1863.01,Debit Card,Delivered
ORD01408,2025-03-19,CUST059,Priya Desai,Female,43,Vadodara,Gujarat,West,P117,Dry Fruits,Grocery,Food,1,1100,0.15,0.0,0.0,0.0,Debit Card,Cancelled
ORD00151,2025-03-20,CUST187,Arjun Kapoor,Female,53,Delhi,Delhi,North,P108,Study Table,Furniture,Tables,4,7200,0.1,25920.0,21786.97,-1446.56,UPI,Returned
ORD00532,2025-03-20,CUST013,Pooja Joshi,Female,21,Ahmedabad,Gujarat,West,P102,Smartphone,Electronics,Mobile,2,18500,0.05,35150.0,25312.02,9837.98,Credit Card,Delivered
ORD00895,2025-03-20,CUST069,Riya Patel,Female,18,Mumbai,Maharashtra,West,P104,Bluetooth Speaker,Electronics,Audio,1,2800,0.05,2660.0,1995.69,664.31,Debit Card,Delivered
ORD00962,2025-03-20,CUST100,Meera Rami,Male,19,Pune,Maharashtra,West,P113,Running Shoes,Fashion,Footwear,2,3800,0.0,7600.0,5182.83,2417.17,Credit Card,Delivered
ORD01347,2025-03-20,CUST113,Rahul Verma,Male,22,Delhi,Delhi,North,P104,Bluetooth Speaker,Electronics,Audio,2,2800,0.05,5320.0,3763.58,1556.42,UPI,Delivered
ORD00309,2025-03-21,CUST190,Isha Trivedi,Male,37,Vadodara,Gujarat,West,P112,Backpack,Fashion,Bags,1,2200,0.15,1870.0,1345.2,524.8,UPI,Delivered
ORD00606,2025-03-21,CUST183,Rahul Desai,Female,20,Chandigarh,Chandigarh,North,P117,Dry Fruits,Grocery,Food,2,1100,0.1,1980.0,1471.17,508.83,Cash on Delivery,Delivered
ORD01018,2025-03-21,CUST059,Priya Desai,Female,43,Lucknow,Uttar Pradesh,North,P116,Organic Coffee,Grocery,Beverages,2,650,0.1,1170.0,952.54,217.46,Credit Card,Delivered
ORD01226,2025-03-21,CUST218,Aditya Trivedi,Female,50,Chennai,Tamil Nadu,South,P113,Running Shoes,Fashion,Footwear,3,3800,0.1,10260.0,8751.98,1508.02,UPI,Delivered
ORD00065,2025-03-22,CUST205,Karan Trivedi,Female,18,Patna,Bihar,East,P105,Laptop,Electronics,Computers,1,52000,0.15,44200.0,35527.22,8672.78,Cash on Delivery,Delivered
ORD00303,2025-03-22,CUST191,Nisha Rathod,Female,46,Lucknow,Uttar Pradesh,North,P104,Bluetooth Speaker,Electronics,Audio,4,2800,0.15,9520.0,8057.75,1462.25,Debit Card,Delivered
ORD00069,2025-03-23,CUST181,Aditya Trivedi,Female,58,Chennai,Tamil Nadu,South,P107,Office Chair,Furniture,Chairs,3,8500,0.15,21675.0,17378.09,4296.91,UPI,Delivered
ORD00091,2025-03-23,CUST173,Neha Dave,Male,45,Chandigarh,Chandigarh,North,P112,Backpack,Fashion,Bags,1,2200,0.1,1980.0,1422.22,557.78,Credit Card,Delivered
ORD00627,2025-03-23,CUST200,Sahil Joshi,Female,45,Hyderabad,Telangana,South,P103,Smartwatch,Electronics,Wearables,2,6500,0.05,12350.0,9868.44,2481.56,Cash on Delivery,Delivered
ORD00645,2025-03-23,CUST123,Sahil Dave,Male,22,Kochi,Kerala,South,P112,Backpack,Fashion,Bags,2,2200,0.0,4400.0,3066.83,1333.17,Credit Card,Delivered
ORD01478,2025-03-23,CUST122,Sahil Trivedi,Female,18,Mumbai,Maharashtra,West,P115,Jeans,Fashion,Clothing,1,1900,0.1,1710.0,1237.58,472.42,Net Banking,Delivered
ORD00432,2025-03-24,CUST233,Isha Thakkar,Female,44,Lucknow,Uttar Pradesh,North,P110,Bedsheet Set,Home & Living,Bedding,4,1800,0.05,6840.0,4891.53,1948.47,Cash on Delivery,Delivered
ORD00544,2025-03-24,CUST128,Rohan Kapoor,Female,38,Hyderabad,Telangana,South,P107,Office Chair,Furniture,Chairs,2,8500,0.0,17000.0,10621.34,6378.66,Credit Card,Delivered
ORD01046,2025-03-24,CUST197,Meera Shah,Male,38,Lucknow,Uttar Pradesh,North,P118,Green Tea,Grocery,Beverages,2,500,0.0,1000.0,583.73,416.27,Net Banking,Delivered
ORD01265,2025-03-24,CUST188,Arjun Kapoor,Female,45,Bengaluru,Karnataka,South,P112,Backpack,Fashion,Bags,2,2200,0.05,4180.0,2566.89,1613.11,Credit Card,Delivered
ORD00008,2025-03-25,CUST013,Pooja Joshi,Female,21,Chandigarh,Chandigarh,North,P102,Smartphone,Electronics,Mobile,2,18500,0.1,33300.0,27085.69,6214.31,Credit Card,Delivered
ORD00076,2025-03-25,CUST130,Amit Joshi,Female,27,Hyderabad,Telangana,South,P114,T-Shirt,Fashion,Clothing,3,900,0.05,2565.0,2079.47,485.53,UPI,Delivered
ORD00181,2025-03-25,CUST228,Neha Mehta,Male,46,Chandigarh,Chandigarh,North,P111,Coffee Maker,Home & Living,Kitchen,3,4500,0.1,12150.0,8763.99,3386.01,UPI,Delivered
ORD00224,2025-03-25,CUST229,Varun Dave,Female,36,Vadodara,Gujarat,West,P115,Jeans,Fashion,Clothing,4,1900,0.05,7220.0,4896.04,2323.96,Debit Card,Delivered
ORD00379,2025-03-25,CUST052,Simran Kapoor,Female,41,Hyderabad,Telangana,South,P105,Laptop,Electronics,Computers,5,52000,0.1,234000.0,201123.6,32876.4,Credit Card,Delivered
ORD00651,2025-03-25,CUST025,Nisha Trivedi,Male,32,Bhubaneswar,Odisha,East,P106,USB-C Charger,Electronics,Accessories,1,1200,0.05,1140.0,894.33,245.67,Debit Card,Delivered
ORD00832,2025-03-25,CUST201,Isha Desai,Male,22,Ahmedabad,Gujarat,West,P114,T-Shirt,Fashion,Clothing,1,900,0.05,855.0,680.8,174.2,UPI,Delivered
ORD01105,2025-03-25,CUST138,Amit Rathod,Male,18,Vadodara,Gujarat,West,P104,Bluetooth Speaker,Electronics,Audio,1,2800,0.15,2380.0,1908.28,471.72,Net Banking,Delivered
ORD01170,2025-03-25,CUST127,Karan Thakkar,Female,22,Ahmedabad,Gujarat,West,P117,Dry Fruits,Grocery,Food,2,1100,0.1,1980.0,1508.95,471.05,Credit Card,Delivered
ORD01494,2025-03-25,CUST198,Isha Dave,Male,51,Lucknow,Uttar Pradesh,North,P105,Laptop,Electronics,Computers,2,52000,0.05,98800.0,63270.04,35529.96,UPI,Delivered
ORD00503,2025-03-26,CUST085,Riya Mehta,Male,50,Kolkata,West Bengal,East,P108,Study Table,Furniture,Tables,5,7200,0.05,34200.0,23439.16,10760.84,Debit Card,Delivered
ORD00703,2025-03-26,CUST248,Aditya Trivedi,Female,27,Chennai,Tamil Nadu,South,P105,Laptop,Electronics,Computers,4,52000,0.0,208000.0,126876.22,81123.78,Credit Card,Delivered
ORD01267,2025-03-26,CUST041,Sneha Thakkar,Male,40,Kochi,Kerala,South,P102,Smartphone,Electronics,Mobile,2,18500,0.0,37000.0,24441.38,12558.62,Cash on Delivery,Delivered
ORD00187,2025-03-27,CUST112,Meera Rami,Male,54,Vadodara,Gujarat,West,P107,Office Chair,Furniture,Chairs,2,8500,0.1,15300.0,10240.58,-1770.8,Credit Card,Returned
ORD00727,2025-03-27,CUST171,Simran Dave,Female,56,Hyderabad,Telangana,South,P116,Organic Coffee,Grocery,Beverages,2,650,0.15,1105.0,758.12,346.88,Debit Card,Delivered
ORD00781,2025-03-27,CUST164,Pooja Kapoor,Female,34,Pune,Maharashtra,West,P117,Dry Fruits,Grocery,Food,3,1100,0.05,3135.0,2360.47,774.53,UPI,Delivered
ORD00943,2025-03-27,CUST174,Aditya Rathod,Female,58,Jaipur,Rajasthan,North,P114,T-Shirt,Fashion,Clothing,2,900,0.1,0.0,0.0,0.0,UPI,Cancelled
ORD01002,2025-03-27,CUST032,Priya Shah,Female,40,Pune,Maharashtra,West,P105,Laptop,Electronics,Computers,1,52000,0.1,46800.0,37204.36,9595.64,UPI,Delivered
ORD01195,2025-03-27,CUST139,Rahul Verma,Female,60,Bhubaneswar,Odisha,East,P114,T-Shirt,Fashion,Clothing,5,900,0.15,3825.0,3388.56,436.44,Credit Card,Delivered
ORD00090,2025-03-28,CUST210,Neha Singh,Female,29,Delhi,Delhi,North,P112,Backpack,Fashion,Bags,3,2200,0.1,5940.0,4640.78,1299.22,UPI,Delivered
ORD00527,2025-03-28,CUST230,Amit Patel,Female,59,Jaipur,Rajasthan,North,P112,Backpack,Fashion,Bags,1,2200,0.15,1870.0,1517.52,352.48,UPI,Delivered
ORD01050,2025-03-28,CUST148,Neha Shah,Male,53,Lucknow,Uttar Pradesh,North,P115,Jeans,Fashion,Clothing,4,1900,0.2,0.0,0.0,0.0,UPI,Cancelled
ORD01110,2025-03-28,CUST151,Neha Trivedi,Female,34,Chennai,Tamil Nadu,South,P114,T-Shirt,Fashion,Clothing,2,900,0.15,1530.0,1336.25,193.75,Debit Card,Delivered
ORD01358,2025-03-28,CUST110,Simran Trivedi,Female,39,Lucknow,Uttar Pradesh,North,P111,Coffee Maker,Home & Living,Kitchen,2,4500,0.05,0.0,0.0,0.0,UPI,Cancelled
ORD00851,2025-03-29,CUST124,Neha Rathod,Female,33,Vadodara,Gujarat,West,P113,Running Shoes,Fashion,Footwear,2,3800,0.05,7220.0,4465.72,2754.28,Cash on Delivery,Delivered
ORD00972,2025-03-29,CUST020,Varun Kapoor,Female,51,Bengaluru,Karnataka,South,P102,Smartphone,Electronics,Mobile,3,18500,0.0,55500.0,39658.69,15841.31,Net Banking,Delivered
ORD00048,2025-03-30,CUST200,Sahil Joshi,Female,45,Lucknow,Uttar Pradesh,North,P118,Green Tea,Grocery,Beverages,3,500,0.1,1350.0,885.48,464.52,Debit Card,Delivered
ORD00694,2025-03-30,CUST176,Isha Trivedi,Female,50,Jaipur,Rajasthan,North,P108,Study Table,Furniture,Tables,3,7200,0.05,20520.0,15888.9,4631.1,UPI,Delivered
ORD00782,2025-03-30,CUST149,Varun Shah,Male,49,Bengaluru,Karnataka,South,P105,Laptop,Electronics,Computers,3,52000,0.1,140400.0,104593.41,35806.59,UPI,Delivered
ORD00175,2025-03-31,CUST075,Amit Singh,Male,26,Jaipur,Rajasthan,North,P109,Bookshelf,Furniture,Storage,2,6200,0.0,12400.0,8090.34,4309.66,UPI,Delivered
ORD00222,2025-03-31,CUST240,Karan Verma,Female,43,Ahmedabad,Gujarat,West,P113,Running Shoes,Fashion,Footwear,4,3800,0.15,12920.0,8820.76,4099.24,Debit Card,Delivered
ORD00275,2025-03-31,CUST215,Kavya Rathod,Female,55,Patna,Bihar,East,P104,Bluetooth Speaker,Electronics,Audio,5,2800,0.05,13300.0,9606.06,3693.94,Debit Card,Delivered
ORD00761,2025-03-31,CUST093,Karan Desai,Female,52,Lucknow,Uttar Pradesh,North,P104,Bluetooth Speaker,Electronics,Audio,2,2800,0.05,5320.0,3460.26,1859.74,UPI,Delivered
ORD01054,2025-03-31,CUST143,Vivek Kapoor,Female,51,Bhubaneswar,Odisha,East,P115,Jeans,Fashion,Clothing,3,1900,0.05,5415.0,3620.01,1794.99,UPI,Delivered
ORD01316,2025-03-31,CUST196,Rahul Rami,Male,35,Chennai,Tamil Nadu,South,P107,Office Chair,Furniture,Chairs,3,8500,0.15,21675.0,19697.69,1977.31,Debit Card,Delivered
ORD01474,2025-03-31,CUST013,Pooja Joshi,Female,21,Pune,Maharashtra,West,P115,Jeans,Fashion,Clothing,2,1900,0.05,3610.0,2870.88,739.12,UPI,Delivered
ORD00411,2025-04-01,CUST108,Rohan Mehta,Male,32,Hyderabad,Telangana,South,P104,Bluetooth Speaker,Electronics,Audio,4,2800,0.15,9520.0,7765.2,1754.8,Debit Card,Delivered
ORD01063,2025-04-01,CUST108,Rohan Mehta,Male,32,Pune,Maharashtra,West,P113,Running Shoes,Fashion,Footwear,3,3800,0.1,10260.0,7101.37,3158.63,Debit Card,Delivered
ORD01171,2025-04-01,CUST172,Vivek Kapoor,Male,56,Hyderabad,Telangana,South,P107,Office Chair,Furniture,Chairs,2,8500,0.05,16150.0,11439.34,4710.66,Cash on Delivery,Delivered
ORD01289,2025-04-01,CUST023,Arjun Desai,Female,35,Hyderabad,Telangana,South,P104,Bluetooth Speaker,Electronics,Audio,2,2800,0.05,5320.0,3785.34,1534.66,Debit Card,Delivered
ORD01395,2025-04-01,CUST111,Isha Sharma,Female,23,Kochi,Kerala,South,P110,Bedsheet Set,Home & Living,Bedding,3,1800,0.0,5400.0,3809.95,1590.05,UPI,Delivered
ORD00564,2025-04-02,CUST019,Vivek Sharma,Female,46,Kolkata,West Bengal,East,P114,T-Shirt,Fashion,Clothing,3,900,0.15,2295.0,1668.78,626.22,Cash on Delivery,Delivered
ORD00764,2025-04-02,CUST138,Amit Rathod,Male,18,Chandigarh,Chandigarh,North,P112,Backpack,Fashion,Bags,3,2200,0.1,5940.0,4327.85,1612.15,Cash on Delivery,Delivered
ORD01021,2025-04-02,CUST159,Sneha Desai,Male,33,Patna,Bihar,East,P112,Backpack,Fashion,Bags,2,2200,0.1,3960.0,2631.37,1328.63,Debit Card,Delivered
ORD01315,2025-04-02,CUST101,Vivek Patel,Female,34,Pune,Maharashtra,West,P111,Coffee Maker,Home & Living,Kitchen,2,4500,0.15,7650.0,6793.73,856.27,UPI,Delivered
ORD00092,2025-04-03,CUST156,Karan Pandya,Female,36,Kolkata,West Bengal,East,P103,Smartwatch,Electronics,Wearables,2,6500,0.05,0.0,0.0,0.0,UPI,Cancelled
ORD00217,2025-04-03,CUST124,Neha Rathod,Female,33,Kolkata,West Bengal,East,P101,Wireless Headphones,Electronics,Audio,2,3200,0.1,5760.0,4313.27,1446.73,Credit Card,Delivered
ORD00281,2025-04-03,CUST003,Riya Kapoor,Male,40,Chennai,Tamil Nadu,South,P106,USB-C Charger,Electronics,Accessories,2,1200,0.15,2040.0,1715.69,-113.51,UPI,Returned
ORD00428,2025-04-03,CUST238,Aditya Pandya,Male,39,Patna,Bihar,East,P104,Bluetooth Speaker,Electronics,Audio,4,2800,0.05,10640.0,8387.04,2252.96,Credit Card,Delivered
ORD00356,2025-04-04,CUST237,Sneha Shah,Female,52,Bhubaneswar,Odisha,East,P102,Smartphone,Electronics,Mobile,3,18500,0.1,49950.0,40467.86,9482.14,Credit Card,Delivered
ORD00561,2025-04-04,CUST117,Varun Rathod,Female,47,Surat,Gujarat,West,P116,Organic Coffee,Grocery,Beverages,2,650,0.1,1170.0,896.14,273.86,Net Banking,Delivered
ORD00794,2025-04-04,CUST043,Sneha Dave,Female,24,Kolkata,West Bengal,East,P107,Office Chair,Furniture,Chairs,1,8500,0.05,8075.0,5902.88,2172.12,Credit Card,Delivered
ORD00835,2025-04-04,CUST082,Neha Dave,Male,53,Hyderabad,Telangana,South,P114,T-Shirt,Fashion,Clothing,2,900,0.1,1620.0,1213.49,406.51,UPI,Delivered
ORD01013,2025-04-04,CUST024,Meera Desai,Female,43,Chandigarh,Chandigarh,North,P109,Bookshelf,Furniture,Storage,2,6200,0.1,11160.0,8938.56,2221.44,Credit Card,Delivered
ORD00083,2025-04-05,CUST082,Neha Dave,Male,53,Chennai,Tamil Nadu,South,P115,Jeans,Fashion,Clothing,3,1900,0.1,5130.0,4169.05,960.95,Cash on Delivery,Delivered
ORD00936,2025-04-05,CUST090,Meera Shah,Male,36,Surat,Gujarat,West,P116,Organic Coffee,Grocery,Beverages,3,650,0.15,1657.5,1212.37,445.13,Debit Card,Delivered
ORD01086,2025-04-05,CUST239,Karan Kapoor,Female,40,Kolkata,West Bengal,East,P115,Jeans,Fashion,Clothing,1,1900,0.15,1615.0,1456.63,158.37,Cash on Delivery,Delivered
ORD01121,2025-04-05,CUST114,Riya Sharma,Female,49,Pune,Maharashtra,West,P106,USB-C Charger,Electronics,Accessories,2,1200,0.0,2400.0,1792.38,607.62,Net Banking,Delivered
ORD01245,2025-04-05,CUST060,Kavya Joshi,Female,28,Hyderabad,Telangana,South,P115,Jeans,Fashion,Clothing,1,1900,0.1,1710.0,1374.15,335.85,Credit Card,Delivered
ORD00904,2025-04-06,CUST189,Amit Trivedi,Female,44,Jaipur,Rajasthan,North,P118,Green Tea,Grocery,Beverages,1,500,0.0,500.0,375.03,124.97,UPI,Delivered
ORD01052,2025-04-06,CUST052,Simran Kapoor,Female,41,Patna,Bihar,East,P102,Smartphone,Electronics,Mobile,2,18500,0.15,31450.0,23557.61,7892.39,Debit Card,Delivered
ORD00554,2025-04-07,CUST087,Karan Thakkar,Female,55,Bengaluru,Karnataka,South,P102,Smartphone,Electronics,Mobile,4,18500,0.15,62900.0,56054.54,6845.46,Debit Card,Delivered
ORD00556,2025-04-07,CUST228,Neha Mehta,Male,46,Pune,Maharashtra,West,P117,Dry Fruits,Grocery,Food,2,1100,0.05,2090.0,1407.95,682.05,Debit Card,Delivered
ORD00649,2025-04-07,CUST126,Karan Rathod,Male,47,Vadodara,Gujarat,West,P111,Coffee Maker,Home & Living,Kitchen,5,4500,0.0,22500.0,14053.54,8446.46,Credit Card,Delivered
ORD00038,2025-04-08,CUST238,Aditya Pandya,Male,39,Mumbai,Maharashtra,West,P113,Running Shoes,Fashion,Footwear,2,3800,0.0,7600.0,5797.73,1802.27,UPI,Delivered
ORD00110,2025-04-08,CUST233,Isha Thakkar,Female,44,Bhubaneswar,Odisha,East,P104,Bluetooth Speaker,Electronics,Audio,2,2800,0.05,5320.0,3995.7,1324.3,Net Banking,Delivered
ORD00075,2025-04-09,CUST174,Aditya Rathod,Female,58,Surat,Gujarat,West,P104,Bluetooth Speaker,Electronics,Audio,2,2800,0.0,5600.0,4138.19,1461.81,Debit Card,Delivered
ORD00417,2025-04-09,CUST209,Riya Kapoor,Female,51,Delhi,Delhi,North,P106,USB-C Charger,Electronics,Accessories,2,1200,0.05,2280.0,1778.74,501.26,UPI,Delivered
ORD00260,2025-04-10,CUST137,Rahul Shah,Male,60,Bhubaneswar,Odisha,East,P102,Smartphone,Electronics,Mobile,4,18500,0.15,0.0,0.0,0.0,Credit Card,Cancelled
ORD00306,2025-04-10,CUST195,Varun Singh,Male,22,Kolkata,West Bengal,East,P115,Jeans,Fashion,Clothing,3,1900,0.1,5130.0,3744.16,1385.84,UPI,Delivered
ORD00422,2025-04-10,CUST163,Anjali Patel,Male,29,Ahmedabad,Gujarat,West,P103,Smartwatch,Electronics,Wearables,3,6500,0.15,16575.0,11492.46,5082.54,UPI,Delivered
ORD00676,2025-04-10,CUST106,Sneha Dave,Female,18,Lucknow,Uttar Pradesh,North,P117,Dry Fruits,Grocery,Food,3,1100,0.05,3135.0,1916.44,1218.56,UPI,Delivered
ORD00842,2025-04-10,CUST052,Simran Kapoor,Female,41,Ahmedabad,Gujarat,West,P106,USB-C Charger,Electronics,Accessories,3,1200,0.2,2880.0,2658.72,221.28,Debit Card,Delivered
ORD01099,2025-04-10,CUST093,Karan Desai,Female,52,Mumbai,Maharashtra,West,P101,Wireless Headphones,Electronics,Audio,3,3200,0.1,8640.0,6283.25,2356.75,UPI,Delivered
ORD01473,2025-04-10,CUST168,Kavya Mehta,Female,18,Lucknow,Uttar Pradesh,North,P116,Organic Coffee,Grocery,Beverages,1,650,0.05,617.5,453.26,164.24,Cash on Delivery,Delivered
ORD00194,2025-04-11,CUST220,Simran Shah,Male,46,Ahmedabad,Gujarat,West,P108,Study Table,Furniture,Tables,3,7200,0.15,0.0,0.0,0.0,Net Banking,Cancelled
ORD00381,2025-04-11,CUST125,Simran Desai,Female,46,Bengaluru,Karnataka,South,P104,Bluetooth Speaker,Electronics,Audio,1,2800,0.15,2380.0,2059.01,-112.35,UPI,Returned
ORD00416,2025-04-11,CUST076,Pooja Mehta,Male,33,Ahmedabad,Gujarat,West,P108,Study Table,Furniture,Tables,3,7200,0.05,20520.0,15023.37,5496.63,Credit Card,Delivered
ORD00599,2025-04-11,CUST056,Isha Verma,Male,19,Lucknow,Uttar Pradesh,North,P108,Study Table,Furniture,Tables,4,7200,0.05,27360.0,21300.47,6059.53,Debit Card,Delivered
ORD00705,2025-04-11,CUST227,Arjun Sharma,Female,21,Surat,Gujarat,West,P107,Office Chair,Furniture,Chairs,3,8500,0.0,25500.0,17554.28,7945.72,Credit Card,Delivered
ORD00723,2025-04-11,CUST140,Rohan Dave,Male,29,Hyderabad,Telangana,South,P111,Coffee Maker,Home & Living,Kitchen,2,4500,0.15,7650.0,5570.99,2079.01,UPI,Delivered
ORD00243,2025-04-12,CUST070,Anjali Rathod,Male,42,Hyderabad,Telangana,South,P104,Bluetooth Speaker,Electronics,Audio,2,2800,0.1,5040.0,3742.17,1297.83,Debit Card,Delivered
ORD01070,2025-04-12,CUST202,Kavya Mehta,Male,40,Vadodara,Gujarat,West,P104,Bluetooth Speaker,Electronics,Audio,2,2800,0.05,5320.0,3798.9,1521.1,UPI,Delivered
ORD00415,2025-04-13,CUST220,Simran Shah,Male,46,Kolkata,West Bengal,East,P109,Bookshelf,Furniture,Storage,5,6200,0.05,29450.0,20134.62,9315.38,UPI,Delivered
ORD00426,2025-04-13,CUST071,Varun Joshi,Male,47,Chandigarh,Chandigarh,North,P112,Backpack,Fashion,Bags,3,2200,0.1,5940.0,4360.24,1579.76,Debit Card,Delivered
ORD00667,2025-04-13,CUST141,Karan Patel,Male,52,Kolkata,West Bengal,East,P111,Coffee Maker,Home & Living,Kitchen,4,4500,0.0,18000.0,13438.92,4561.08,Credit Card,Delivered
ORD01076,2025-04-13,CUST232,Rohan Kapoor,Female,51,Delhi,Delhi,North,P112,Backpack,Fashion,Bags,5,2200,0.1,9900.0,8230.98,1669.02,Credit Card,Delivered
ORD00274,2025-04-14,CUST200,Sahil Joshi,Female,45,Bengaluru,Karnataka,South,P104,Bluetooth Speaker,Electronics,Audio,1,2800,0.05,2660.0,1762.1,897.9,Credit Card,Delivered
ORD00853,2025-04-14,CUST231,Kavya Shah,Male,58,Ahmedabad,Gujarat,West,P106,USB-C Charger,Electronics,Accessories,2,1200,0.2,1920.0,1870.16,49.84,UPI,Delivered
ORD01094,2025-04-14,CUST008,Rahul Rathod,Female,39,Bengaluru,Karnataka,South,P108,Study Table,Furniture,Tables,2,7200,0.1,12960.0,11129.42,1830.58,UPI,Delivered
ORD01490,2025-04-14,CUST187,Arjun Kapoor,Female,53,Bengaluru,Karnataka,South,P114,T-Shirt,Fashion,Clothing,3,900,0.2,2160.0,1637.05,522.95,UPI,Delivered
ORD00385,2025-04-16,CUST168,Kavya Mehta,Female,18,Ahmedabad,Gujarat,West,P115,Jeans,Fashion,Clothing,2,1900,0.1,3420.0,2842.48,577.52,Cash on Delivery,Delivered
ORD00441,2025-04-16,CUST174,Aditya Rathod,Female,58,Mumbai,Maharashtra,West,P113,Running Shoes,Fashion,Footwear,2,3800,0.05,7220.0,5792.42,1427.58,Credit Card,Delivered
ORD00476,2025-04-16,CUST110,Simran Trivedi,Female,39,Chandigarh,Chandigarh,North,P106,USB-C Charger,Electronics,Accessories,3,1200,0.1,3240.0,2417.36,822.64,Credit Card,Delivered
ORD00576,2025-04-16,CUST011,Meera Thakkar,Female,20,Delhi,Delhi,North,P108,Study Table,Furniture,Tables,3,7200,0.05,0.0,0.0,0.0,Debit Card,Cancelled
ORD01010,2025-04-16,CUST041,Sneha Thakkar,Male,40,Bengaluru,Karnataka,South,P107,Office Chair,Furniture,Chairs,2,8500,0.1,15300.0,10590.51,4709.49,UPI,Delivered
ORD01181,2025-04-17,CUST030,Vivek Joshi,Female,58,Kolkata,West Bengal,East,P110,Bedsheet Set,Home & Living,Bedding,2,1800,0.0,3600.0,2644.2,955.8,UPI,Delivered
ORD01204,2025-04-17,CUST072,Vivek Mehta,Male,33,Surat,Gujarat,West,P117,Dry Fruits,Grocery,Food,2,1100,0.0,2200.0,1575.78,624.22,Credit Card,Delivered
ORD01217,2025-04-17,CUST077,Neha Sharma,Female,50,Bengaluru,Karnataka,South,P108,Study Table,Furniture,Tables,2,7200,0.1,12960.0,9110.49,3849.51,UPI,Delivered
ORD00053,2025-04-18,CUST016,Rohan Dave,Female,52,Bengaluru,Karnataka,South,P110,Bedsheet Set,Home & Living,Bedding,2,1800,0.0,3600.0,2714.47,885.53,UPI,Delivered
ORD01225,2025-04-18,CUST041,Sneha Thakkar,Male,40,Kochi,Kerala,South,P104,Bluetooth Speaker,Electronics,Audio,2,2800,0.2,4480.0,4253.92,226.08,Cash on Delivery,Delivered
ORD01264,2025-04-18,CUST178,Nisha Dave,Male,38,Bengaluru,Karnataka,South,P101,Wireless Headphones,Electronics,Audio,2,3200,0.05,6080.0,4466.09,1613.91,Debit Card,Delivered
ORD00333,2025-04-19,CUST092,Rohan Rathod,Female,46,Pune,Maharashtra,West,P118,Green Tea,Grocery,Beverages,3,500,0.05,0.0,0.0,0.0,UPI,Cancelled
ORD00336,2025-04-19,CUST061,Isha Pandya,Female,41,Lucknow,Uttar Pradesh,North,P106,USB-C Charger,Electronics,Accessories,2,1200,0.0,2400.0,1804.23,595.77,Debit Card,Delivered
ORD00624,2025-04-19,CUST148,Neha Shah,Male,53,Ahmedabad,Gujarat,West,P117,Dry Fruits,Grocery,Food,2,1100,0.05,2090.0,1280.0,810.0,Debit Card,Delivered
ORD01288,2025-04-19,CUST175,Riya Shah,Male,30,Jaipur,Rajasthan,North,P113,Running Shoes,Fashion,Footwear,1,3800,0.05,3610.0,2351.09,1258.91,Credit Card,Delivered
ORD00113,2025-04-20,CUST011,Meera Thakkar,Female,20,Vadodara,Gujarat,West,P108,Study Table,Furniture,Tables,3,7200,0.1,0.0,0.0,0.0,Credit Card,Cancelled
ORD00546,2025-04-20,CUST142,Isha Kapoor,Female,46,Jaipur,Rajasthan,North,P115,Jeans,Fashion,Clothing,4,1900,0.1,6840.0,4839.08,2000.92,UPI,Delivered
ORD00587,2025-04-20,CUST179,Sahil Rami,Male,28,Surat,Gujarat,West,P118,Green Tea,Grocery,Beverages,2,500,0.1,900.0,756.96,143.04,UPI,Delivered
ORD00800,2025-04-20,CUST091,Sneha Mehta,Female,34,Lucknow,Uttar Pradesh,North,P102,Smartphone,Electronics,Mobile,3,18500,0.15,47175.0,38240.43,8934.57,Debit Card,Delivered
ORD00869,2025-04-20,CUST219,Meera Rathod,Female,59,Hyderabad,Telangana,South,P115,Jeans,Fashion,Clothing,2,1900,0.1,3420.0,2939.66,480.34,UPI,Delivered
ORD00164,2025-04-21,CUST025,Nisha Trivedi,Male,32,Kochi,Kerala,South,P105,Laptop,Electronics,Computers,1,52000,0.1,46800.0,38602.22,8197.78,Debit Card,Delivered
ORD00650,2025-04-21,CUST066,Sneha Mehta,Female,20,Bhubaneswar,Odisha,East,P104,Bluetooth Speaker,Electronics,Audio,3,2800,0.1,7560.0,5087.63,-865.33,Debit Card,Returned
ORD00743,2025-04-21,CUST246,Isha Joshi,Female,43,Patna,Bihar,East,P101,Wireless Headphones,Electronics,Audio,3,3200,0.1,8640.0,7111.41,1528.59,Credit Card,Delivered
ORD00840,2025-04-21,CUST133,Rahul Verma,Male,21,Jaipur,Rajasthan,North,P115,Jeans,Fashion,Clothing,1,1900,0.05,1805.0,1181.13,623.87,UPI,Delivered
ORD01412,2025-04-21,CUST215,Kavya Rathod,Female,55,Hyderabad,Telangana,South,P107,Office Chair,Furniture,Chairs,2,8500,0.0,17000.0,11086.95,5913.05,UPI,Delivered
ORD00166,2025-04-22,CUST219,Meera Rathod,Female,59,Bhubaneswar,Odisha,East,P102,Smartphone,Electronics,Mobile,3,18500,0.1,49950.0,32248.05,17701.95,Debit Card,Delivered
ORD00372,2025-04-22,CUST174,Aditya Rathod,Female,58,Chennai,Tamil Nadu,South,P118,Green Tea,Grocery,Beverages,1,500,0.0,500.0,335.36,164.64,Credit Card,Delivered
ORD00429,2025-04-22,CUST229,Varun Dave,Female,36,Kolkata,West Bengal,East,P106,USB-C Charger,Electronics,Accessories,4,1200,0.1,4320.0,3579.35,740.65,Debit Card,Delivered
ORD00506,2025-04-22,CUST245,Amit Rathod,Female,56,Bengaluru,Karnataka,South,P108,Study Table,Furniture,Tables,1,7200,0.05,6840.0,4632.92,2207.08,Cash on Delivery,Delivered
ORD01117,2025-04-22,CUST103,Sahil Joshi,Male,59,Hyderabad,Telangana,South,P103,Smartwatch,Electronics,Wearables,2,6500,0.1,0.0,0.0,0.0,Cash on Delivery,Cancelled
ORD01160,2025-04-22,CUST118,Simran Shah,Female,36,Delhi,Delhi,North,P116,Organic Coffee,Grocery,Beverages,1,650,0.0,650.0,407.88,242.12,Credit Card,Delivered
ORD01438,2025-04-22,CUST009,Rohan Trivedi,Male,44,Bengaluru,Karnataka,South,P114,T-Shirt,Fashion,Clothing,3,900,0.1,2430.0,2030.9,399.1,Net Banking,Delivered
ORD00149,2025-04-23,CUST166,Arjun Kapoor,Male,44,Kolkata,West Bengal,East,P110,Bedsheet Set,Home & Living,Bedding,4,1800,0.1,6480.0,4630.19,1849.81,Debit Card,Delivered
ORD00407,2025-04-23,CUST186,Arjun Rami,Female,41,Bhubaneswar,Odisha,East,P116,Organic Coffee,Grocery,Beverages,1,650,0.05,617.5,463.26,154.24,Credit Card,Delivered
ORD01368,2025-04-23,CUST050,Riya Rami,Female,44,Jaipur,Rajasthan,North,P104,Bluetooth Speaker,Electronics,Audio,2,2800,0.1,5040.0,3882.44,1157.56,UPI,Delivered
ORD01422,2025-04-23,CUST041,Sneha Thakkar,Male,40,Jaipur,Rajasthan,North,P113,Running Shoes,Fashion,Footwear,3,3800,0.1,10260.0,7742.52,2517.48,Cash on Delivery,Delivered
ORD00029,2025-04-24,CUST246,Isha Joshi,Female,43,Patna,Bihar,East,P117,Dry Fruits,Grocery,Food,2,1100,0.1,1980.0,1321.31,658.69,UPI,Delivered
ORD00678,2025-04-24,CUST075,Amit Singh,Male,26,Chennai,Tamil Nadu,South,P103,Smartwatch,Electronics,Wearables,2,6500,0.0,13000.0,7583.97,5416.03,Cash on Delivery,Delivered
ORD00866,2025-04-24,CUST015,Priya Sharma,Female,24,Chandigarh,Chandigarh,North,P106,USB-C Charger,Electronics,Accessories,3,1200,0.1,3240.0,2717.99,522.01,UPI,Delivered
ORD00982,2025-04-24,CUST017,Karan Shah,Female,57,Patna,Bihar,East,P109,Bookshelf,Furniture,Storage,1,6200,0.1,5580.0,4415.3,1164.7,Cash on Delivery,Delivered
ORD01208,2025-04-24,CUST222,Vivek Shah,Female,37,Chandigarh,Chandigarh,North,P104,Bluetooth Speaker,Electronics,Audio,3,2800,0.1,7560.0,6198.65,1361.35,Debit Card,Delivered
ORD01493,2025-04-24,CUST053,Meera Singh,Female,49,Kolkata,West Bengal,East,P117,Dry Fruits,Grocery,Food,2,1100,0.05,2090.0,1549.94,540.06,UPI,Delivered
ORD00704,2025-04-25,CUST094,Pooja Desai,Female,46,Chennai,Tamil Nadu,South,P105,Laptop,Electronics,Computers,5,52000,0.0,260000.0,158239.22,101760.78,UPI,Delivered
ORD00819,2025-04-25,CUST158,Rohan Trivedi,Female,38,Lucknow,Uttar Pradesh,North,P114,T-Shirt,Fashion,Clothing,3,900,0.05,2565.0,1840.05,724.95,Credit Card,Delivered
ORD01011,2025-04-25,CUST038,Meera Kapoor,Female,30,Vadodara,Gujarat,West,P116,Organic Coffee,Grocery,Beverages,2,650,0.1,1170.0,824.38,345.62,UPI,Delivered
ORD01152,2025-04-25,CUST100,Meera Rami,Male,19,Hyderabad,Telangana,South,P117,Dry Fruits,Grocery,Food,2,1100,0.1,1980.0,1441.41,538.59,Credit Card,Delivered
ORD01184,2025-04-25,CUST039,Simran Pandya,Female,56,Patna,Bihar,East,P115,Jeans,Fashion,Clothing,2,1900,0.1,3420.0,2497.7,922.3,UPI,Delivered
ORD01345,2025-04-25,CUST129,Riya Sharma,Male,47,Kochi,Kerala,South,P117,Dry Fruits,Grocery,Food,2,1100,0.0,2200.0,1334.23,865.77,Debit Card,Delivered
ORD00291,2025-04-26,CUST001,Riya Sharma,Male,32,Kolkata,West Bengal,East,P113,Running Shoes,Fashion,Footwear,1,3800,0.15,0.0,0.0,0.0,UPI,Cancelled
ORD00409,2025-04-26,CUST122,Sahil Trivedi,Female,18,Pune,Maharashtra,West,P117,Dry Fruits,Grocery,Food,1,1100,0.1,990.0,754.92,235.08,UPI,Delivered
ORD00434,2025-04-26,CUST025,Nisha Trivedi,Male,32,Chennai,Tamil Nadu,South,P103,Smartwatch,Electronics,Wearables,2,6500,0.0,0.0,0.0,0.0,Net Banking,Cancelled
ORD00838,2025-04-26,CUST008,Rahul Rathod,Female,39,Kochi,Kerala,South,P116,Organic Coffee,Grocery,Beverages,3,650,0.05,1852.5,1401.61,450.89,UPI,Delivered
ORD01081,2025-04-26,CUST245,Amit Rathod,Female,56,Ahmedabad,Gujarat,West,P109,Bookshelf,Furniture,Storage,2,6200,0.1,11160.0,7212.75,3947.25,UPI,Delivered
ORD00172,2025-04-27,CUST076,Pooja Mehta,Male,33,Chennai,Tamil Nadu,South,P106,USB-C Charger,Electronics,Accessories,3,1200,0.1,3240.0,2404.94,835.06,UPI,Delivered
ORD00640,2025-04-27,CUST218,Aditya Trivedi,Female,50,Bhubaneswar,Odisha,East,P107,Office Chair,Furniture,Chairs,2,8500,0.1,15300.0,11623.74,3676.26,UPI,Delivered
ORD00818,2025-04-27,CUST239,Karan Kapoor,Female,40,Delhi,Delhi,North,P111,Coffee Maker,Home & Living,Kitchen,2,4500,0.1,8100.0,6284.43,1815.57,Debit Card,Delivered
ORD01064,2025-04-27,CUST226,Sahil Pandya,Male,33,Kolkata,West Bengal,East,P116,Organic Coffee,Grocery,Beverages,3,650,0.15,1657.5,1155.91,501.59,UPI,Delivered
ORD01426,2025-04-27,CUST156,Karan Pandya,Female,36,Kolkata,West Bengal,East,P117,Dry Fruits,Grocery,Food,1,1100,0.1,990.0,684.72,305.28,Net Banking,Delivered
ORD01460,2025-04-27,CUST121,Rahul Pandya,Female,49,Jaipur,Rajasthan,North,P102,Smartphone,Electronics,Mobile,2,18500,0.05,35150.0,22356.0,12794.0,Net Banking,Delivered
ORD00132,2025-04-28,CUST092,Rohan Rathod,Female,46,Vadodara,Gujarat,West,P108,Study Table,Furniture,Tables,5,7200,0.15,30600.0,24767.69,5832.31,Net Banking,Delivered
ORD00619,2025-04-28,CUST211,Rahul Rami,Female,22,Chandigarh,Chandigarh,North,P107,Office Chair,Furniture,Chairs,1,8500,0.2,6800.0,5843.82,956.18,UPI,Delivered
ORD01496,2025-04-28,CUST192,Nisha Thakkar,Male,23,Surat,Gujarat,West,P113,Running Shoes,Fashion,Footwear,5,3800,0.0,0.0,0.0,0.0,UPI,Cancelled
ORD00631,2025-04-29,CUST243,Meera Rathod,Male,35,Patna,Bihar,East,P107,Office Chair,Furniture,Chairs,1,8500,0.1,7650.0,6607.03,1042.97,UPI,Delivered
ORD00062,2025-04-30,CUST227,Arjun Sharma,Female,21,Delhi,Delhi,North,P113,Running Shoes,Fashion,Footwear,3,3800,0.0,11400.0,8652.42,2747.58,Net Banking,Delivered
ORD00208,2025-04-30,CUST119,Amit Kapoor,Male,40,Lucknow,Uttar Pradesh,North,P115,Jeans,Fashion,Clothing,3,1900,0.1,5130.0,3416.05,1713.95,UPI,Delivered
ORD01075,2025-04-30,CUST180,Amit Sharma,Male,36,Mumbai,Maharashtra,West,P116,Organic Coffee,Grocery,Beverages,1,650,0.1,585.0,393.45,191.55,Credit Card,Delivered
ORD00167,2025-05-01,CUST209,Riya Kapoor,Female,51,Chennai,Tamil Nadu,South,P114,T-Shirt,Fashion,Clothing,4,900,0.05,3420.0,2323.39,1096.61,UPI,Delivered
ORD00905,2025-05-01,CUST180,Amit Sharma,Male,36,Mumbai,Maharashtra,West,P102,Smartphone,Electronics,Mobile,1,18500,0.1,16650.0,14231.6,2418.4,Credit Card,Delivered
ORD00912,2025-05-01,CUST209,Riya Kapoor,Female,51,Hyderabad,Telangana,South,P105,Laptop,Electronics,Computers,2,52000,0.1,93600.0,71314.55,22285.45,Net Banking,Delivered
ORD01026,2025-05-03,CUST026,Nisha Shah,Male,24,Hyderabad,Telangana,South,P106,USB-C Charger,Electronics,Accessories,3,1200,0.05,3420.0,2590.54,829.46,UPI,Delivered
ORD00144,2025-05-04,CUST103,Sahil Joshi,Male,59,Patna,Bihar,East,P104,Bluetooth Speaker,Electronics,Audio,3,2800,0.1,7560.0,6202.72,1357.28,Credit Card,Delivered
ORD00580,2025-05-04,CUST008,Rahul Rathod,Female,39,Kolkata,West Bengal,East,P111,Coffee Maker,Home & Living,Kitchen,2,4500,0.0,9000.0,6669.31,2330.69,UPI,Delivered
ORD00934,2025-05-04,CUST189,Amit Trivedi,Female,44,Bengaluru,Karnataka,South,P118,Green Tea,Grocery,Beverages,4,500,0.0,2000.0,1459.3,540.7,Cash on Delivery,Delivered
ORD00662,2025-05-05,CUST125,Simran Desai,Female,46,Vadodara,Gujarat,West,P106,USB-C Charger,Electronics,Accessories,2,1200,0.1,2160.0,1425.98,734.02,Debit Card,Delivered
ORD00984,2025-05-05,CUST221,Sneha Kapoor,Female,34,Vadodara,Gujarat,West,P110,Bedsheet Set,Home & Living,Bedding,3,1800,0.0,5400.0,3399.37,2000.63,Net Banking,Delivered
ORD01008,2025-05-05,CUST114,Riya Sharma,Female,49,Vadodara,Gujarat,West,P111,Coffee Maker,Home & Living,Kitchen,2,4500,0.0,0.0,0.0,0.0,Credit Card,Cancelled
ORD00231,2025-05-06,CUST047,Anjali Kapoor,Male,45,Mumbai,Maharashtra,West,P110,Bedsheet Set,Home & Living,Bedding,2,1800,0.0,3600.0,2697.94,902.06,Credit Card,Delivered
ORD00304,2025-05-06,CUST001,Riya Sharma,Male,32,Hyderabad,Telangana,South,P107,Office Chair,Furniture,Chairs,2,8500,0.0,17000.0,10036.44,6963.56,UPI,Delivered
ORD00891,2025-05-06,CUST031,Riya Trivedi,Female,29,Bengaluru,Karnataka,South,P116,Organic Coffee,Grocery,Beverages,2,650,0.1,1170.0,946.12,223.88,Net Banking,Delivered
ORD00779,2025-05-07,CUST199,Pooja Mehta,Male,18,Lucknow,Uttar Pradesh,North,P101,Wireless Headphones,Electronics,Audio,3,3200,0.05,9120.0,6995.72,2124.28,Debit Card,Delivered
ORD00958,2025-05-07,CUST234,Pooja Kapoor,Male,39,Ahmedabad,Gujarat,West,P113,Running Shoes,Fashion,Footwear,1,3800,0.2,3040.0,2303.07,736.93,Net Banking,Delivered
ORD00343,2025-05-08,CUST177,Kavya Desai,Female,49,Pune,Maharashtra,West,P107,Office Chair,Furniture,Chairs,5,8500,0.1,38250.0,25621.43,12628.57,Debit Card,Delivered
ORD00543,2025-05-08,CUST042,Riya Dave,Male,60,Vadodara,Gujarat,West,P106,USB-C Charger,Electronics,Accessories,4,1200,0.0,4800.0,3736.21,1063.79,Cash on Delivery,Delivered
ORD00647,2025-05-08,CUST094,Pooja Desai,Female,46,Kolkata,West Bengal,East,P113,Running Shoes,Fashion,Footwear,2,3800,0.15,6460.0,4610.97,1849.03,Credit Card,Delivered
ORD00753,2025-05-08,CUST103,Sahil Joshi,Male,59,Patna,Bihar,East,P107,Office Chair,Furniture,Chairs,1,8500,0.1,0.0,0.0,0.0,Credit Card,Cancelled
ORD00791,2025-05-08,CUST184,Sahil Joshi,Male,28,Chandigarh,Chandigarh,North,P109,Bookshelf,Furniture,Storage,3,6200,0.05,17670.0,12302.33,5367.67,Debit Card,Delivered
ORD00821,2025-05-08,CUST153,Nisha Singh,Male,53,Chandigarh,Chandigarh,North,P111,Coffee Maker,Home & Living,Kitchen,2,4500,0.05,8550.0,6791.09,1758.91,Net Banking,Delivered
ORD00875,2025-05-08,CUST091,Sneha Mehta,Female,34,Surat,Gujarat,West,P114,T-Shirt,Fashion,Clothing,2,900,0.05,1710.0,1391.01,318.99,Debit Card,Delivered
ORD01214,2025-05-08,CUST117,Varun Rathod,Female,47,Ahmedabad,Gujarat,West,P109,Bookshelf,Furniture,Storage,3,6200,0.0,18600.0,10949.66,7650.34,Cash on Delivery,Delivered
ORD00178,2025-05-09,CUST039,Simran Pandya,Female,56,Surat,Gujarat,West,P103,Smartwatch,Electronics,Wearables,3,6500,0.0,19500.0,11533.39,7966.61,UPI,Delivered
ORD00582,2025-05-09,CUST216,Varun Patel,Female,47,Jaipur,Rajasthan,North,P107,Office Chair,Furniture,Chairs,3,8500,0.15,21675.0,19188.7,2486.3,UPI,Delivered
ORD00697,2025-05-09,CUST139,Rahul Verma,Female,60,Lucknow,Uttar Pradesh,North,P104,Bluetooth Speaker,Electronics,Audio,3,2800,0.1,7560.0,6371.35,1188.65,UPI,Delivered
ORD00994,2025-05-09,CUST124,Neha Rathod,Female,33,Lucknow,Uttar Pradesh,North,P106,USB-C Charger,Electronics,Accessories,2,1200,0.1,2160.0,1411.36,748.64,UPI,Delivered
ORD00129,2025-05-10,CUST058,Amit Shah,Male,36,Vadodara,Gujarat,West,P106,USB-C Charger,Electronics,Accessories,5,1200,0.1,5400.0,4149.34,1250.66,Debit Card,Delivered
ORD01191,2025-05-10,CUST077,Neha Sharma,Female,50,Bhubaneswar,Odisha,East,P104,Bluetooth Speaker,Electronics,Audio,4,2800,0.0,11200.0,7632.56,3567.44,UPI,Delivered
ORD00095,2025-05-11,CUST246,Isha Joshi,Female,43,Bengaluru,Karnataka,South,P112,Backpack,Fashion,Bags,3,2200,0.1,5940.0,4795.71,1144.29,UPI,Delivered
ORD00199,2025-05-11,CUST213,Meera Desai,Male,31,Chandigarh,Chandigarh,North,P102,Smartphone,Electronics,Mobile,3,18500,0.1,49950.0,34902.17,15047.83,UPI,Delivered
ORD00880,2025-05-11,CUST188,Arjun Kapoor,Female,45,Mumbai,Maharashtra,West,P118,Green Tea,Grocery,Beverages,3,500,0.1,1350.0,990.72,359.28,UPI,Delivered
ORD01147,2025-05-11,CUST221,Sneha Kapoor,Female,34,Bhubaneswar,Odisha,East,P109,Bookshelf,Furniture,Storage,1,6200,0.2,4960.0,4528.98,431.02,Net Banking,Delivered
ORD01417,2025-05-11,CUST150,Amit Rathod,Male,30,Jaipur,Rajasthan,North,P115,Jeans,Fashion,Clothing,2,1900,0.05,3610.0,2875.18,734.82,Cash on Delivery,Delivered
ORD00118,2025-05-12,CUST002,Anjali Verma,Male,38,Ahmedabad,Gujarat,West,P113,Running Shoes,Fashion,Footwear,3,3800,0.1,10260.0,6892.95,3367.05,Net Banking,Delivered
ORD00408,2025-05-12,CUST095,Isha Thakkar,Male,48,Surat,Gujarat,West,P112,Backpack,Fashion,Bags,2,2200,0.1,3960.0,2791.04,1168.96,UPI,Delivered
ORD00804,2025-05-12,CUST248,Aditya Trivedi,Female,27,Mumbai,Maharashtra,West,P105,Laptop,Electronics,Computers,3,52000,0.0,156000.0,118202.24,37797.76,Credit Card,Delivered
ORD00815,2025-05-12,CUST201,Isha Desai,Male,22,Surat,Gujarat,West,P105,Laptop,Electronics,Computers,2,52000,0.15,88400.0,72750.35,15649.65,Net Banking,Delivered
ORD00991,2025-05-12,CUST089,Priya Desai,Female,50,Bhubaneswar,Odisha,East,P118,Green Tea,Grocery,Beverages,1,500,0.15,425.0,369.51,55.49,UPI,Delivered
ORD00114,2025-05-13,CUST194,Meera Trivedi,Female,27,Delhi,Delhi,North,P112,Backpack,Fashion,Bags,2,2200,0.1,3960.0,3021.57,938.43,Debit Card,Delivered
ORD00370,2025-05-13,CUST075,Amit Singh,Male,26,Pune,Maharashtra,West,P112,Backpack,Fashion,Bags,1,2200,0.1,1980.0,1704.67,275.33,UPI,Delivered
ORD00812,2025-05-13,CUST065,Sahil Dave,Male,37,Bengaluru,Karnataka,South,P101,Wireless Headphones,Electronics,Audio,2,3200,0.05,6080.0,4942.86,1137.14,UPI,Delivered
ORD01137,2025-05-13,CUST211,Rahul Rami,Female,22,Bhubaneswar,Odisha,East,P116,Organic Coffee,Grocery,Beverages,4,650,0.05,2470.0,1622.2,847.8,Debit Card,Delivered
ORD01270,2025-05-13,CUST042,Riya Dave,Male,60,Vadodara,Gujarat,West,P105,Laptop,Electronics,Computers,2,52000,0.0,104000.0,72472.78,31527.22,UPI,Delivered
ORD00014,2025-05-14,CUST039,Simran Pandya,Female,56,Vadodara,Gujarat,West,P106,USB-C Charger,Electronics,Accessories,2,1200,0.1,2160.0,1724.98,435.02,UPI,Delivered
ORD00198,2025-05-14,CUST009,Rohan Trivedi,Male,44,Mumbai,Maharashtra,West,P106,USB-C Charger,Electronics,Accessories,3,1200,0.05,3420.0,2427.24,992.76,Net Banking,Delivered
ORD01133,2025-05-14,CUST170,Nisha Sharma,Female,23,Chandigarh,Chandigarh,North,P111,Coffee Maker,Home & Living,Kitchen,3,4500,0.05,12825.0,8171.5,4653.5,Credit Card,Delivered
ORD01477,2025-05-14,CUST084,Sahil Sharma,Female,25,Hyderabad,Telangana,South,P103,Smartwatch,Electronics,Wearables,2,6500,0.2,10400.0,8288.64,2111.36,Net Banking,Delivered
ORD01500,2025-05-14,CUST093,Karan Desai,Female,52,Patna,Bihar,East,P111,Coffee Maker,Home & Living,Kitchen,1,4500,0.1,4050.0,3118.66,931.34,Credit Card,Delivered
ORD00629,2025-05-15,CUST088,Nisha Mehta,Female,25,Lucknow,Uttar Pradesh,North,P101,Wireless Headphones,Electronics,Audio,2,3200,0.1,5760.0,4122.54,1637.46,UPI,Delivered
ORD00884,2025-05-15,CUST085,Riya Mehta,Male,50,Kolkata,West Bengal,East,P116,Organic Coffee,Grocery,Beverages,4,650,0.0,2600.0,2007.5,592.5,UPI,Delivered
ORD00919,2025-05-15,CUST080,Neha Thakkar,Male,52,Hyderabad,Telangana,South,P106,USB-C Charger,Electronics,Accessories,3,1200,0.05,3420.0,2727.51,692.49,Net Banking,Delivered
ORD01258,2025-05-15,CUST202,Kavya Mehta,Male,40,Patna,Bihar,East,P117,Dry Fruits,Grocery,Food,4,1100,0.05,4180.0,2681.82,1498.18,UPI,Delivered
ORD00127,2025-05-16,CUST164,Pooja Kapoor,Female,34,Vadodara,Gujarat,West,P109,Bookshelf,Furniture,Storage,2,6200,0.05,11780.0,8722.55,3057.45,Credit Card,Delivered
ORD00352,2025-05-16,CUST048,Riya Thakkar,Male,18,Lucknow,Uttar Pradesh,North,P104,Bluetooth Speaker,Electronics,Audio,2,2800,0.1,5040.0,3831.6,1208.4,Credit Card,Delivered
ORD00405,2025-05-17,CUST200,Sahil Joshi,Female,45,Chandigarh,Chandigarh,North,P116,Organic Coffee,Grocery,Beverages,2,650,0.1,1170.0,824.97,345.03,UPI,Delivered
ORD00496,2025-05-17,CUST185,Rohan Kapoor,Female,33,Patna,Bihar,East,P115,Jeans,Fashion,Clothing,2,1900,0.0,3800.0,2458.88,1341.12,UPI,Delivered
ORD00710,2025-05-17,CUST112,Meera Rami,Male,54,Hyderabad,Telangana,South,P112,Backpack,Fashion,Bags,1,2200,0.0,2200.0,1547.12,652.88,Cash on Delivery,Delivered
ORD00718,2025-05-17,CUST134,Sahil Verma,Female,19,Chandigarh,Chandigarh,North,P102,Smartphone,Electronics,Mobile,3,18500,0.0,55500.0,36840.16,18659.84,Debit Card,Delivered
ORD00124,2025-05-18,CUST199,Pooja Mehta,Male,18,Kochi,Kerala,South,P111,Coffee Maker,Home & Living,Kitchen,2,4500,0.1,8100.0,5325.22,2774.78,UPI,Delivered
ORD00269,2025-05-18,CUST214,Priya Singh,Male,56,Ahmedabad,Gujarat,West,P104,Bluetooth Speaker,Electronics,Audio,1,2800,0.1,2520.0,1808.94,711.06,Cash on Delivery,Delivered
ORD00942,2025-05-18,CUST163,Anjali Patel,Male,29,Bengaluru,Karnataka,South,P113,Running Shoes,Fashion,Footwear,2,3800,0.0,0.0,0.0,0.0,UPI,Cancelled
ORD01153,2025-05-18,CUST200,Sahil Joshi,Female,45,Kochi,Kerala,South,P103,Smartwatch,Electronics,Wearables,2,6500,0.0,13000.0,9048.1,3951.9,Debit Card,Delivered
ORD00283,2025-05-19,CUST190,Isha Trivedi,Male,37,Lucknow,Uttar Pradesh,North,P112,Backpack,Fashion,Bags,2,2200,0.15,3740.0,2706.96,1033.04,UPI,Delivered
ORD00347,2025-05-19,CUST173,Neha Dave,Male,45,Hyderabad,Telangana,South,P103,Smartwatch,Electronics,Wearables,1,6500,0.05,6175.0,4814.6,1360.4,Cash on Delivery,Delivered
ORD00401,2025-05-19,CUST233,Isha Thakkar,Female,44,Ahmedabad,Gujarat,West,P103,Smartwatch,Electronics,Wearables,2,6500,0.05,12350.0,8303.82,4046.18,UPI,Delivered
ORD00813,2025-05-19,CUST113,Rahul Verma,Male,22,Surat,Gujarat,West,P113,Running Shoes,Fashion,Footwear,3,3800,0.05,10830.0,7832.74,2997.26,Net Banking,Delivered
ORD00828,2025-05-19,CUST149,Varun Shah,Male,49,Patna,Bihar,East,P105,Laptop,Electronics,Computers,4,52000,0.1,187200.0,136431.33,50768.67,Debit Card,Delivered
ORD01037,2025-05-19,CUST125,Simran Desai,Female,46,Ahmedabad,Gujarat,West,P118,Green Tea,Grocery,Beverages,3,500,0.1,0.0,0.0,0.0,UPI,Cancelled
ORD00006,2025-05-20,CUST225,Sahil Singh,Male,40,Mumbai,Maharashtra,West,P117,Dry Fruits,Grocery,Food,1,1100,0.1,990.0,701.5,288.5,Credit Card,Delivered
ORD00398,2025-05-20,CUST009,Rohan Trivedi,Male,44,Kochi,Kerala,South,P115,Jeans,Fashion,Clothing,3,1900,0.0,5700.0,3999.48,1700.52,UPI,Delivered
ORD00844,2025-05-20,CUST233,Isha Thakkar,Female,44,Bengaluru,Karnataka,South,P112,Backpack,Fashion,Bags,4,2200,0.2,7040.0,5374.48,1665.52,Net Banking,Delivered
ORD01255,2025-05-20,CUST052,Simran Kapoor,Female,41,Bengaluru,Karnataka,South,P107,Office Chair,Furniture,Chairs,2,8500,0.1,15300.0,9974.41,5325.59,Debit Card,Delivered
ORD00120,2025-05-21,CUST173,Neha Dave,Male,45,Kolkata,West Bengal,East,P115,Jeans,Fashion,Clothing,3,1900,0.15,4845.0,4314.0,531.0,UPI,Delivered
ORD00467,2025-05-21,CUST219,Meera Rathod,Female,59,Bengaluru,Karnataka,South,P111,Coffee Maker,Home & Living,Kitchen,3,4500,0.1,12150.0,8660.33,3489.67,Credit Card,Delivered
ORD01089,2025-05-21,CUST076,Pooja Mehta,Male,33,Lucknow,Uttar Pradesh,North,P102,Smartphone,Electronics,Mobile,2,18500,0.0,37000.0,24150.33,12849.67,Credit Card,Delivered
ORD01219,2025-05-21,CUST176,Isha Trivedi,Female,50,Chandigarh,Chandigarh,North,P116,Organic Coffee,Grocery,Beverages,4,650,0.15,2210.0,1603.7,606.3,UPI,Delivered
ORD00056,2025-05-22,CUST177,Kavya Desai,Female,49,Vadodara,Gujarat,West,P113,Running Shoes,Fashion,Footwear,2,3800,0.15,6460.0,5495.64,964.36,Credit Card,Delivered
ORD01029,2025-05-22,CUST238,Aditya Pandya,Male,39,Ahmedabad,Gujarat,West,P114,T-Shirt,Fashion,Clothing,3,900,0.0,2700.0,1990.26,709.74,Debit Card,Delivered
ORD01418,2025-05-23,CUST169,Aditya Shah,Male,24,Delhi,Delhi,North,P104,Bluetooth Speaker,Electronics,Audio,2,2800,0.0,5600.0,3898.84,1701.16,Credit Card,Delivered
ORD01431,2025-05-23,CUST129,Riya Sharma,Male,47,Ahmedabad,Gujarat,West,P111,Coffee Maker,Home & Living,Kitchen,2,4500,0.1,8100.0,6732.96,1367.04,Net Banking,Delivered
ORD01467,2025-05-23,CUST107,Arjun Thakkar,Female,31,Pune,Maharashtra,West,P116,Organic Coffee,Grocery,Beverages,5,650,0.0,3250.0,1896.87,1353.13,Net Banking,Delivered
ORD00567,2025-05-24,CUST010,Vivek Rathod,Female,33,Delhi,Delhi,North,P116,Organic Coffee,Grocery,Beverages,2,650,0.1,1170.0,846.82,323.18,Debit Card,Delivered
ORD00107,2025-05-25,CUST158,Rohan Trivedi,Female,38,Surat,Gujarat,West,P118,Green Tea,Grocery,Beverages,3,500,0.15,1275.0,1100.56,174.44,UPI,Delivered
ORD00583,2025-05-25,CUST190,Isha Trivedi,Male,37,Kolkata,West Bengal,East,P106,USB-C Charger,Electronics,Accessories,3,1200,0.0,3600.0,2321.72,1278.28,Debit Card,Delivered
ORD00609,2025-05-25,CUST016,Rohan Dave,Female,52,Pune,Maharashtra,West,P115,Jeans,Fashion,Clothing,2,1900,0.15,3230.0,2435.73,794.27,UPI,Delivered
ORD00633,2025-05-25,CUST076,Pooja Mehta,Male,33,Bengaluru,Karnataka,South,P116,Organic Coffee,Grocery,Beverages,3,650,0.1,1755.0,1180.0,575.0,UPI,Delivered
ORD00820,2025-05-25,CUST111,Isha Sharma,Female,23,Kochi,Kerala,South,P107,Office Chair,Furniture,Chairs,3,8500,0.1,22950.0,15336.96,7613.04,Credit Card,Delivered
ORD00980,2025-05-25,CUST007,Kavya Patel,Female,38,Ahmedabad,Gujarat,West,P116,Organic Coffee,Grocery,Beverages,2,650,0.05,1235.0,787.77,447.23,Debit Card,Delivered
ORD01284,2025-05-25,CUST115,Aditya Thakkar,Male,52,Patna,Bihar,East,P102,Smartphone,Electronics,Mobile,3,18500,0.1,49950.0,37012.1,12937.9,UPI,Delivered
ORD00480,2025-05-26,CUST123,Sahil Dave,Male,22,Bhubaneswar,Odisha,East,P114,T-Shirt,Fashion,Clothing,1,900,0.15,765.0,622.5,142.5,Net Banking,Delivered
ORD00504,2025-05-26,CUST151,Neha Trivedi,Female,34,Kochi,Kerala,South,P113,Running Shoes,Fashion,Footwear,2,3800,0.0,7600.0,5125.04,2474.96,Credit Card,Delivered
ORD01178,2025-05-26,CUST172,Vivek Kapoor,Male,56,Kochi,Kerala,South,P110,Bedsheet Set,Home & Living,Bedding,1,1800,0.05,1710.0,1100.39,609.61,Cash on Delivery,Delivered
ORD01259,2025-05-26,CUST217,Meera Singh,Male,51,Lucknow,Uttar Pradesh,North,P113,Running Shoes,Fashion,Footwear,1,3800,0.1,3420.0,2720.78,699.22,UPI,Delivered
ORD01305,2025-05-26,CUST021,Vivek Thakkar,Female,31,Ahmedabad,Gujarat,West,P109,Bookshelf,Furniture,Storage,2,6200,0.1,11160.0,7451.3,3708.7,Debit Card,Delivered
ORD01325,2025-05-26,CUST008,Rahul Rathod,Female,39,Ahmedabad,Gujarat,West,P113,Running Shoes,Fashion,Footwear,2,3800,0.2,6080.0,4466.7,1613.3,UPI,Delivered
ORD00108,2025-05-27,CUST196,Rahul Rami,Male,35,Ahmedabad,Gujarat,West,P101,Wireless Headphones,Electronics,Audio,4,3200,0.15,10880.0,9131.45,1748.55,Credit Card,Delivered
ORD00499,2025-05-27,CUST114,Riya Sharma,Female,49,Hyderabad,Telangana,South,P111,Coffee Maker,Home & Living,Kitchen,5,4500,0.05,21375.0,16984.38,4390.62,Net Banking,Delivered
ORD01232,2025-05-27,CUST084,Sahil Sharma,Female,25,Jaipur,Rajasthan,North,P107,Office Chair,Furniture,Chairs,3,8500,0.05,24225.0,17234.0,6991.0,Debit Card,Delivered
ORD01439,2025-05-27,CUST111,Isha Sharma,Female,23,Pune,Maharashtra,West,P109,Bookshelf,Furniture,Storage,1,6200,0.0,6200.0,3653.66,2546.34,UPI,Delivered
ORD00059,2025-05-28,CUST052,Simran Kapoor,Female,41,Mumbai,Maharashtra,West,P108,Study Table,Furniture,Tables,3,7200,0.05,20520.0,16116.38,4403.62,UPI,Delivered
ORD00444,2025-05-28,CUST116,Arjun Sharma,Female,30,Hyderabad,Telangana,South,P115,Jeans,Fashion,Clothing,3,1900,0.15,4845.0,3758.57,1086.43,UPI,Delivered
ORD01367,2025-05-29,CUST079,Sneha Rami,Female,37,Jaipur,Rajasthan,North,P110,Bedsheet Set,Home & Living,Bedding,4,1800,0.1,0.0,0.0,0.0,Credit Card,Cancelled
ORD00693,2025-05-30,CUST186,Arjun Rami,Female,41,Delhi,Delhi,North,P114,T-Shirt,Fashion,Clothing,2,900,0.1,1620.0,1380.56,239.44,Debit Card,Delivered
ORD00784,2025-05-30,CUST066,Sneha Mehta,Female,20,Hyderabad,Telangana,South,P110,Bedsheet Set,Home & Living,Bedding,2,1800,0.1,3240.0,2123.39,1116.61,UPI,Delivered
ORD00801,2025-05-30,CUST196,Rahul Rami,Male,35,Lucknow,Uttar Pradesh,North,P109,Bookshelf,Furniture,Storage,2,6200,0.0,12400.0,7223.19,5176.81,UPI,Delivered
ORD01071,2025-05-30,CUST092,Rohan Rathod,Female,46,Hyderabad,Telangana,South,P111,Coffee Maker,Home & Living,Kitchen,1,4500,0.0,4500.0,2844.93,1655.07,Credit Card,Delivered
ORD01107,2025-05-30,CUST050,Riya Rami,Female,44,Kochi,Kerala,South,P117,Dry Fruits,Grocery,Food,3,1100,0.05,3135.0,2009.89,-393.79,UPI,Returned
ORD00013,2025-06-02,CUST063,Anjali Pandya,Female,33,Hyderabad,Telangana,South,P101,Wireless Headphones,Electronics,Audio,2,3200,0.05,6080.0,4392.78,1687.22,UPI,Delivered
ORD00713,2025-06-02,CUST079,Sneha Rami,Female,37,Ahmedabad,Gujarat,West,P101,Wireless Headphones,Electronics,Audio,2,3200,0.1,5760.0,4174.7,1585.3,Credit Card,Delivered
ORD01210,2025-06-02,CUST215,Kavya Rathod,Female,55,Jaipur,Rajasthan,North,P112,Backpack,Fashion,Bags,2,2200,0.05,4180.0,2862.64,1317.36,Debit Card,Delivered
ORD00568,2025-06-03,CUST233,Isha Thakkar,Female,44,Chennai,Tamil Nadu,South,P111,Coffee Maker,Home & Living,Kitchen,2,4500,0.05,8550.0,6567.5,1982.5,Credit Card,Delivered
ORD01004,2025-06-03,CUST222,Vivek Shah,Female,37,Surat,Gujarat,West,P104,Bluetooth Speaker,Electronics,Audio,1,2800,0.0,2800.0,1696.81,1103.19,UPI,Delivered
ORD00226,2025-06-04,CUST028,Anjali Mehta,Male,25,Vadodara,Gujarat,West,P106,USB-C Charger,Electronics,Accessories,3,1200,0.1,3240.0,2684.89,555.11,Cash on Delivery,Delivered
ORD00636,2025-06-04,CUST046,Rohan Rathod,Female,47,Chennai,Tamil Nadu,South,P113,Running Shoes,Fashion,Footwear,3,3800,0.0,11400.0,7141.88,-1490.34,Debit Card,Returned
ORD01445,2025-06-04,CUST123,Sahil Dave,Male,22,Surat,Gujarat,West,P113,Running Shoes,Fashion,Footwear,3,3800,0.15,9690.0,6904.99,2785.01,UPI,Delivered
ORD00757,2025-06-05,CUST054,Pooja Sharma,Male,29,Pune,Maharashtra,West,P113,Running Shoes,Fashion,Footwear,3,3800,0.1,10260.0,8645.89,1614.11,Debit Card,Delivered
ORD00863,2025-06-05,CUST122,Sahil Trivedi,Female,18,Vadodara,Gujarat,West,P113,Running Shoes,Fashion,Footwear,3,3800,0.1,10260.0,7518.92,-959.38,UPI,Returned
ORD01394,2025-06-05,CUST090,Meera Shah,Male,36,Jaipur,Rajasthan,North,P106,USB-C Charger,Electronics,Accessories,2,1200,0.05,2280.0,1729.26,550.74,Cash on Delivery,Delivered
ORD00015,2025-06-06,CUST033,Amit Mehta,Female,57,Mumbai,Maharashtra,West,P107,Office Chair,Furniture,Chairs,1,8500,0.05,8075.0,5352.43,2722.57,Debit Card,Delivered
ORD00017,2025-06-06,CUST216,Varun Patel,Female,47,Mumbai,Maharashtra,West,P115,Jeans,Fashion,Clothing,2,1900,0.1,3420.0,2514.81,905.19,Debit Card,Delivered
ORD00677,2025-06-06,CUST134,Sahil Verma,Female,19,Chandigarh,Chandigarh,North,P110,Bedsheet Set,Home & Living,Bedding,3,1800,0.05,5130.0,3626.36,1503.64,UPI,Delivered
ORD01211,2025-06-06,CUST126,Karan Rathod,Male,47,Delhi,Delhi,North,P116,Organic Coffee,Grocery,Beverages,3,650,0.1,1755.0,1340.28,414.72,Debit Card,Delivered
ORD01443,2025-06-06,CUST036,Amit Kapoor,Male,31,Bhubaneswar,Odisha,East,P108,Study Table,Furniture,Tables,5,7200,0.05,34200.0,24332.7,9867.3,Net Banking,Delivered
ORD00211,2025-06-07,CUST062,Amit Sharma,Female,23,Ahmedabad,Gujarat,West,P116,Organic Coffee,Grocery,Beverages,2,650,0.05,1235.0,959.18,275.82,Credit Card,Delivered
ORD01351,2025-06-07,CUST066,Sneha Mehta,Female,20,Bengaluru,Karnataka,South,P113,Running Shoes,Fashion,Footwear,3,3800,0.15,9690.0,7709.91,1980.09,Credit Card,Delivered
ORD01485,2025-06-07,CUST052,Simran Kapoor,Female,41,Delhi,Delhi,North,P115,Jeans,Fashion,Clothing,2,1900,0.15,3230.0,2752.62,477.38,Net Banking,Delivered
ORD00171,2025-06-08,CUST024,Meera Desai,Female,43,Surat,Gujarat,West,P118,Green Tea,Grocery,Beverages,1,500,0.05,475.0,353.65,121.35,UPI,Delivered
ORD00596,2025-06-08,CUST068,Aditya Trivedi,Male,57,Chandigarh,Chandigarh,North,P116,Organic Coffee,Grocery,Beverages,1,650,0.0,650.0,434.96,215.04,Net Banking,Delivered
ORD00901,2025-06-08,CUST029,Neha Mehta,Male,22,Pune,Maharashtra,West,P106,USB-C Charger,Electronics,Accessories,3,1200,0.1,3240.0,2374.74,865.26,Credit Card,Delivered
ORD01252,2025-06-08,CUST236,Sahil Dave,Male,43,Mumbai,Maharashtra,West,P114,T-Shirt,Fashion,Clothing,2,900,0.0,1800.0,1212.95,587.05,Cash on Delivery,Delivered
ORD00182,2025-06-09,CUST070,Anjali Rathod,Male,42,Hyderabad,Telangana,South,P115,Jeans,Fashion,Clothing,3,1900,0.2,4560.0,3944.59,615.41,Cash on Delivery,Delivered
ORD00453,2025-06-09,CUST041,Sneha Thakkar,Male,40,Kochi,Kerala,South,P102,Smartphone,Electronics,Mobile,2,18500,0.15,31450.0,23916.59,7533.41,Credit Card,Delivered
ORD01161,2025-06-09,CUST047,Anjali Kapoor,Male,45,Patna,Bihar,East,P109,Bookshelf,Furniture,Storage,3,6200,0.05,17670.0,11973.55,5696.45,Credit Card,Delivered
ORD00103,2025-06-10,CUST198,Isha Dave,Male,51,Pune,Maharashtra,West,P105,Laptop,Electronics,Computers,2,52000,0.0,0.0,0.0,0.0,Cash on Delivery,Cancelled
ORD00184,2025-06-10,CUST049,Aditya Dave,Male,20,Vadodara,Gujarat,West,P112,Backpack,Fashion,Bags,1,2200,0.05,2090.0,1386.43,703.57,Net Banking,Delivered
ORD00803,2025-06-10,CUST218,Aditya Trivedi,Female,50,Delhi,Delhi,North,P108,Study Table,Furniture,Tables,3,7200,0.1,19440.0,12545.74,6894.26,UPI,Delivered
ORD01447,2025-06-10,CUST114,Riya Sharma,Female,49,Kochi,Kerala,South,P108,Study Table,Furniture,Tables,2,7200,0.0,14400.0,8495.78,5904.22,UPI,Delivered
ORD00030,2025-06-11,CUST131,Amit Sharma,Female,48,Kochi,Kerala,South,P110,Bedsheet Set,Home & Living,Bedding,2,1800,0.0,3600.0,2200.43,1399.57,Debit Card,Delivered
ORD00078,2025-06-11,CUST124,Neha Rathod,Female,33,Delhi,Delhi,North,P115,Jeans,Fashion,Clothing,2,1900,0.0,3800.0,2699.27,1100.73,Credit Card,Delivered
ORD00266,2025-06-11,CUST087,Karan Thakkar,Female,55,Bengaluru,Karnataka,South,P113,Running Shoes,Fashion,Footwear,2,3800,0.15,6460.0,4599.1,-651.31,Debit Card,Returned
ORD00807,2025-06-11,CUST025,Nisha Trivedi,Male,32,Bhubaneswar,Odisha,East,P109,Bookshelf,Furniture,Storage,5,6200,0.05,29450.0,19718.82,9731.18,UPI,Delivered
ORD01115,2025-06-11,CUST104,Neha Patel,Male,41,Hyderabad,Telangana,South,P104,Bluetooth Speaker,Electronics,Audio,2,2800,0.1,5040.0,3611.23,1428.77,Debit Card,Delivered
ORD00098,2025-06-12,CUST249,Neha Trivedi,Male,35,Patna,Bihar,East,P102,Smartphone,Electronics,Mobile,3,18500,0.05,0.0,0.0,0.0,UPI,Cancelled
ORD00248,2025-06-12,CUST152,Isha Thakkar,Female,42,Vadodara,Gujarat,West,P115,Jeans,Fashion,Clothing,5,1900,0.1,8550.0,7084.09,1465.91,UPI,Delivered
ORD00733,2025-06-12,CUST162,Neha Joshi,Male,60,Bhubaneswar,Odisha,East,P110,Bedsheet Set,Home & Living,Bedding,3,1800,0.15,4590.0,3654.39,935.61,UPI,Delivered
ORD00825,2025-06-12,CUST045,Vivek Dave,Female,23,Ahmedabad,Gujarat,West,P116,Organic Coffee,Grocery,Beverages,2,650,0.1,1170.0,988.2,181.8,Cash on Delivery,Delivered
ORD00859,2025-06-12,CUST021,Vivek Thakkar,Female,31,Kochi,Kerala,South,P102,Smartphone,Electronics,Mobile,3,18500,0.15,47175.0,37802.79,9372.21,UPI,Delivered
ORD01341,2025-06-12,CUST250,Meera Sharma,Male,39,Lucknow,Uttar Pradesh,North,P103,Smartwatch,Electronics,Wearables,3,6500,0.1,17550.0,13561.63,3988.37,Net Banking,Delivered
ORD00516,2025-06-13,CUST229,Varun Dave,Female,36,Bengaluru,Karnataka,South,P110,Bedsheet Set,Home & Living,Bedding,2,1800,0.1,3240.0,2260.13,979.87,Debit Card,Delivered
ORD00931,2025-06-13,CUST115,Aditya Thakkar,Male,52,Bengaluru,Karnataka,South,P116,Organic Coffee,Grocery,Beverages,2,650,0.1,1170.0,780.0,390.0,UPI,Delivered
ORD01386,2025-06-13,CUST242,Neha Pandya,Male,60,Bengaluru,Karnataka,South,P104,Bluetooth Speaker,Electronics,Audio,2,2800,0.05,5320.0,4182.97,1137.03,Debit Card,Delivered
ORD01448,2025-06-13,CUST215,Kavya Rathod,Female,55,Surat,Gujarat,West,P101,Wireless Headphones,Electronics,Audio,2,3200,0.1,5760.0,4072.42,1687.58,UPI,Delivered
ORD00039,2025-06-14,CUST166,Arjun Kapoor,Male,44,Surat,Gujarat,West,P117,Dry Fruits,Grocery,Food,3,1100,0.15,2805.0,2050.24,754.76,UPI,Delivered
ORD00101,2025-06-14,CUST175,Riya Shah,Male,30,Pune,Maharashtra,West,P112,Backpack,Fashion,Bags,3,2200,0.1,5940.0,4417.21,1522.79,Net Banking,Delivered
ORD00086,2025-06-15,CUST150,Amit Rathod,Male,30,Jaipur,Rajasthan,North,P102,Smartphone,Electronics,Mobile,2,18500,0.1,33300.0,27384.34,5915.66,UPI,Delivered
ORD00613,2025-06-15,CUST069,Riya Patel,Female,18,Kolkata,West Bengal,East,P108,Study Table,Furniture,Tables,2,7200,0.05,13680.0,9970.37,3709.63,UPI,Delivered
ORD00644,2025-06-15,CUST133,Rahul Verma,Male,21,Jaipur,Rajasthan,North,P118,Green Tea,Grocery,Beverages,1,500,0.15,425.0,339.92,85.08,UPI,Delivered
ORD00659,2025-06-15,CUST080,Neha Thakkar,Male,52,Delhi,Delhi,North,P116,Organic Coffee,Grocery,Beverages,2,650,0.2,1040.0,894.75,-50.84,UPI,Returned
ORD00724,2025-06-15,CUST244,Kavya Mehta,Male,32,Mumbai,Maharashtra,West,P118,Green Tea,Grocery,Beverages,3,500,0.15,1275.0,1009.91,265.09,Credit Card,Delivered
ORD01053,2025-06-15,CUST022,Sahil Pandya,Female,31,Bengaluru,Karnataka,South,P101,Wireless Headphones,Electronics,Audio,2,3200,0.05,6080.0,4747.49,1332.51,Net Banking,Delivered
ORD01092,2025-06-15,CUST059,Priya Desai,Female,43,Pune,Maharashtra,West,P116,Organic Coffee,Grocery,Beverages,3,650,0.0,1950.0,1362.05,587.95,Net Banking,Delivered
ORD01098,2025-06-15,CUST137,Rahul Shah,Male,60,Jaipur,Rajasthan,North,P116,Organic Coffee,Grocery,Beverages,2,650,0.1,1170.0,930.39,239.61,Debit Card,Delivered
ORD01361,2025-06-15,CUST127,Karan Thakkar,Female,22,Bhubaneswar,Odisha,East,P118,Green Tea,Grocery,Beverages,3,500,0.0,1500.0,987.22,512.78,Cash on Delivery,Delivered
ORD00230,2025-06-16,CUST075,Amit Singh,Male,26,Kochi,Kerala,South,P104,Bluetooth Speaker,Electronics,Audio,2,2800,0.0,5600.0,3971.23,1628.77,UPI,Delivered
ORD00810,2025-06-16,CUST082,Neha Dave,Male,53,Kolkata,West Bengal,East,P110,Bedsheet Set,Home & Living,Bedding,2,1800,0.1,3240.0,2450.26,789.74,UPI,Delivered
ORD01295,2025-06-16,CUST101,Vivek Patel,Female,34,Lucknow,Uttar Pradesh,North,P108,Study Table,Furniture,Tables,2,7200,0.1,12960.0,11065.37,1894.63,UPI,Delivered
ORD01442,2025-06-16,CUST030,Vivek Joshi,Female,58,Kolkata,West Bengal,East,P107,Office Chair,Furniture,Chairs,3,8500,0.1,22950.0,18175.21,4774.79,Credit Card,Delivered
ORD00221,2025-06-17,CUST046,Rohan Rathod,Female,47,Bengaluru,Karnataka,South,P101,Wireless Headphones,Electronics,Audio,2,3200,0.05,6080.0,4873.74,1206.26,Debit Card,Delivered
ORD00505,2025-06-17,CUST210,Neha Singh,Female,29,Chandigarh,Chandigarh,North,P115,Jeans,Fashion,Clothing,2,1900,0.1,3420.0,2236.92,1183.08,Debit Card,Delivered
ORD00508,2025-06-17,CUST075,Amit Singh,Male,26,Chennai,Tamil Nadu,South,P102,Smartphone,Electronics,Mobile,1,18500,0.1,16650.0,10955.34,5694.66,UPI,Delivered
ORD00635,2025-06-17,CUST068,Aditya Trivedi,Male,57,Lucknow,Uttar Pradesh,North,P105,Laptop,Electronics,Computers,3,52000,0.05,148200.0,98835.13,49364.87,Credit Card,Delivered
ORD01177,2025-06-17,CUST033,Amit Mehta,Female,57,Kolkata,West Bengal,East,P104,Bluetooth Speaker,Electronics,Audio,2,2800,0.05,5320.0,4224.41,1095.59,UPI,Delivered
ORD00067,2025-06-18,CUST059,Priya Desai,Female,43,Bhubaneswar,Odisha,East,P116,Organic Coffee,Grocery,Beverages,2,650,0.05,1235.0,995.82,239.18,UPI,Delivered
ORD00156,2025-06-18,CUST068,Aditya Trivedi,Male,57,Chennai,Tamil Nadu,South,P109,Bookshelf,Furniture,Storage,4,6200,0.1,22320.0,18827.24,3492.76,UPI,Delivered
ORD00355,2025-06-19,CUST062,Amit Sharma,Female,23,Kolkata,West Bengal,East,P112,Backpack,Fashion,Bags,2,2200,0.1,3960.0,2891.87,1068.13,Credit Card,Delivered
ORD00688,2025-06-19,CUST190,Isha Trivedi,Male,37,Vadodara,Gujarat,West,P118,Green Tea,Grocery,Beverages,3,500,0.1,1350.0,913.66,436.34,Net Banking,Delivered
ORD00826,2025-06-19,CUST162,Neha Joshi,Male,60,Ahmedabad,Gujarat,West,P108,Study Table,Furniture,Tables,3,7200,0.1,19440.0,14608.47,4831.53,Debit Card,Delivered
ORD01298,2025-06-19,CUST107,Arjun Thakkar,Female,31,Chandigarh,Chandigarh,North,P108,Study Table,Furniture,Tables,3,7200,0.1,19440.0,13137.84,6302.16,UPI,Delivered
ORD00100,2025-06-20,CUST001,Riya Sharma,Male,32,Pune,Maharashtra,West,P108,Study Table,Furniture,Tables,4,7200,0.05,27360.0,18773.28,8586.72,Credit Card,Delivered
ORD00540,2025-06-20,CUST205,Karan Trivedi,Female,18,Ahmedabad,Gujarat,West,P105,Laptop,Electronics,Computers,3,52000,0.1,140400.0,117357.11,23042.89,Net Banking,Delivered
ORD00771,2025-06-20,CUST240,Karan Verma,Female,43,Surat,Gujarat,West,P116,Organic Coffee,Grocery,Beverages,2,650,0.1,1170.0,910.99,259.01,UPI,Delivered
ORD00894,2025-06-20,CUST204,Vivek Mehta,Male,38,Ahmedabad,Gujarat,West,P118,Green Tea,Grocery,Beverages,2,500,0.0,1000.0,597.18,402.82,Debit Card,Delivered
ORD00898,2025-06-20,CUST151,Neha Trivedi,Female,34,Mumbai,Maharashtra,West,P105,Laptop,Electronics,Computers,2,52000,0.15,88400.0,69859.92,18540.08,Debit Card,Delivered
ORD01498,2025-06-20,CUST069,Riya Patel,Female,18,Hyderabad,Telangana,South,P113,Running Shoes,Fashion,Footwear,4,3800,0.15,12920.0,9499.28,3420.72,Net Banking,Delivered
ORD00212,2025-06-21,CUST048,Riya Thakkar,Male,18,Mumbai,Maharashtra,West,P105,Laptop,Electronics,Computers,1,52000,0.0,52000.0,39620.12,12379.88,Debit Card,Delivered
ORD01187,2025-06-21,CUST040,Isha Sharma,Male,49,Kolkata,West Bengal,East,P102,Smartphone,Electronics,Mobile,2,18500,0.0,37000.0,24540.99,-4360.65,Net Banking,Returned
ORD01385,2025-06-21,CUST149,Varun Shah,Male,49,Kochi,Kerala,South,P111,Coffee Maker,Home & Living,Kitchen,2,4500,0.05,8550.0,6338.49,2211.51,UPI,Delivered
ORD00147,2025-06-22,CUST181,Aditya Trivedi,Female,58,Surat,Gujarat,West,P105,Laptop,Electronics,Computers,1,52000,0.05,49400.0,32924.85,16475.15,Debit Card,Delivered
ORD00358,2025-06-22,CUST222,Vivek Shah,Female,37,Bengaluru,Karnataka,South,P101,Wireless Headphones,Electronics,Audio,3,3200,0.1,8640.0,6102.64,2537.36,Debit Card,Delivered
ORD00922,2025-06-22,CUST039,Simran Pandya,Female,56,Bhubaneswar,Odisha,East,P104,Bluetooth Speaker,Electronics,Audio,3,2800,0.05,7980.0,6524.44,1455.56,Debit Card,Delivered
ORD01185,2025-06-22,CUST214,Priya Singh,Male,56,Ahmedabad,Gujarat,West,P104,Bluetooth Speaker,Electronics,Audio,4,2800,0.15,9520.0,8037.96,1482.04,UPI,Delivered
ORD01451,2025-06-22,CUST057,Priya Rathod,Female,40,Kolkata,West Bengal,East,P114,T-Shirt,Fashion,Clothing,1,900,0.0,0.0,0.0,0.0,Debit Card,Cancelled
ORD01499,2025-06-22,CUST137,Rahul Shah,Male,60,Kochi,Kerala,South,P111,Coffee Maker,Home & Living,Kitchen,1,4500,0.0,4500.0,2970.2,1529.8,Credit Card,Delivered
ORD00327,2025-06-23,CUST164,Pooja Kapoor,Female,34,Bhubaneswar,Odisha,East,P113,Running Shoes,Fashion,Footwear,2,3800,0.1,6840.0,4793.1,2046.9,Cash on Delivery,Delivered
ORD01051,2025-06-23,CUST140,Rohan Dave,Male,29,Kolkata,West Bengal,East,P115,Jeans,Fashion,Clothing,1,1900,0.2,1520.0,1170.4,349.6,Credit Card,Delivered
ORD01471,2025-06-23,CUST209,Riya Kapoor,Female,51,Patna,Bihar,East,P108,Study Table,Furniture,Tables,5,7200,0.2,28800.0,21706.46,7093.54,Debit Card,Delivered
ORD00223,2025-06-24,CUST237,Sneha Shah,Female,52,Hyderabad,Telangana,South,P117,Dry Fruits,Grocery,Food,3,1100,0.05,3135.0,2353.09,781.91,Net Banking,Delivered
ORD00454,2025-06-25,CUST096,Neha Rathod,Male,38,Lucknow,Uttar Pradesh,North,P102,Smartphone,Electronics,Mobile,1,18500,0.1,16650.0,12307.67,4342.33,Credit Card,Delivered
ORD00559,2025-06-25,CUST074,Rahul Thakkar,Female,22,Lucknow,Uttar Pradesh,North,P105,Laptop,Electronics,Computers,2,52000,0.05,98800.0,61996.08,36803.92,UPI,Delivered
ORD00746,2025-06-25,CUST046,Rohan Rathod,Female,47,Delhi,Delhi,North,P111,Coffee Maker,Home & Living,Kitchen,2,4500,0.1,8100.0,6620.24,1479.76,Credit Card,Delivered
ORD01005,2025-06-25,CUST126,Karan Rathod,Male,47,Hyderabad,Telangana,South,P112,Backpack,Fashion,Bags,1,2200,0.05,2090.0,1538.53,551.47,Debit Card,Delivered
ORD01393,2025-06-25,CUST155,Rohan Trivedi,Male,45,Ahmedabad,Gujarat,West,P117,Dry Fruits,Grocery,Food,3,1100,0.05,3135.0,2205.25,929.75,UPI,Delivered
ORD01469,2025-06-25,CUST152,Isha Thakkar,Female,42,Patna,Bihar,East,P101,Wireless Headphones,Electronics,Audio,2,3200,0.1,5760.0,4759.31,-350.24,UPI,Returned
ORD00565,2025-06-26,CUST236,Sahil Dave,Male,43,Ahmedabad,Gujarat,West,P112,Backpack,Fashion,Bags,2,2200,0.1,3960.0,3252.74,-247.54,Net Banking,Returned
ORD00653,2025-06-26,CUST239,Karan Kapoor,Female,40,Delhi,Delhi,North,P116,Organic Coffee,Grocery,Beverages,5,650,0.1,2925.0,2415.98,509.02,Debit Card,Delivered
ORD00750,2025-06-26,CUST139,Rahul Verma,Female,60,Patna,Bihar,East,P110,Bedsheet Set,Home & Living,Bedding,1,1800,0.1,1620.0,1237.71,382.29,Credit Card,Delivered
ORD00142,2025-06-27,CUST089,Priya Desai,Female,50,Surat,Gujarat,West,P111,Coffee Maker,Home & Living,Kitchen,1,4500,0.1,4050.0,3495.31,554.69,UPI,Delivered
ORD00256,2025-06-27,CUST160,Riya Dave,Male,59,Surat,Gujarat,West,P114,T-Shirt,Fashion,Clothing,3,900,0.15,2295.0,2000.14,294.86,Credit Card,Delivered
ORD00361,2025-06-27,CUST060,Kavya Joshi,Female,28,Chandigarh,Chandigarh,North,P114,T-Shirt,Fashion,Clothing,3,900,0.05,2565.0,1674.58,890.42,Credit Card,Delivered
ORD00479,2025-06-27,CUST004,Anjali Singh,Female,53,Ahmedabad,Gujarat,West,P107,Office Chair,Furniture,Chairs,3,8500,0.1,22950.0,16551.95,6398.05,Net Banking,Delivered
ORD00593,2025-06-27,CUST077,Neha Sharma,Female,50,Lucknow,Uttar Pradesh,North,P114,T-Shirt,Fashion,Clothing,3,900,0.1,2430.0,1927.67,502.33,Credit Card,Delivered
ORD00632,2025-06-27,CUST015,Priya Sharma,Female,24,Chennai,Tamil Nadu,South,P106,USB-C Charger,Electronics,Accessories,2,1200,0.05,2280.0,1842.16,437.84,Debit Card,Delivered
ORD01106,2025-06-27,CUST112,Meera Rami,Male,54,Bengaluru,Karnataka,South,P107,Office Chair,Furniture,Chairs,2,8500,0.05,16150.0,11765.2,4384.8,UPI,Delivered
ORD01253,2025-06-27,CUST093,Karan Desai,Female,52,Mumbai,Maharashtra,West,P114,T-Shirt,Fashion,Clothing,2,900,0.15,1530.0,1184.9,345.1,Net Banking,Delivered
ORD01257,2025-06-27,CUST179,Sahil Rami,Male,28,Pune,Maharashtra,West,P115,Jeans,Fashion,Clothing,3,1900,0.1,5130.0,3807.21,1322.79,Credit Card,Delivered
ORD01454,2025-06-27,CUST185,Rohan Kapoor,Female,33,Ahmedabad,Gujarat,West,P116,Organic Coffee,Grocery,Beverages,2,650,0.0,1300.0,784.12,515.88,Credit Card,Delivered
ORD00244,2025-06-28,CUST243,Meera Rathod,Male,35,Surat,Gujarat,West,P117,Dry Fruits,Grocery,Food,4,1100,0.1,3960.0,2942.24,1017.76,Debit Card,Delivered
ORD00298,2025-06-28,CUST103,Sahil Joshi,Male,59,Delhi,Delhi,North,P103,Smartwatch,Electronics,Wearables,1,6500,0.0,6500.0,4173.11,2326.89,Debit Card,Delivered
ORD00525,2025-06-28,CUST184,Sahil Joshi,Male,28,Jaipur,Rajasthan,North,P108,Study Table,Furniture,Tables,4,7200,0.05,27360.0,21649.0,5711.0,UPI,Delivered
ORD01095,2025-06-28,CUST087,Karan Thakkar,Female,55,Chandigarh,Chandigarh,North,P113,Running Shoes,Fashion,Footwear,3,3800,0.15,9690.0,7172.31,2517.69,Credit Card,Delivered
ORD01101,2025-06-28,CUST117,Varun Rathod,Female,47,Ahmedabad,Gujarat,West,P103,Smartwatch,Electronics,Wearables,3,6500,0.1,0.0,0.0,0.0,UPI,Cancelled
ORD00025,2025-06-29,CUST182,Isha Thakkar,Male,48,Chandigarh,Chandigarh,North,P107,Office Chair,Furniture,Chairs,2,8500,0.15,14450.0,11092.14,3357.86,Credit Card,Delivered
ORD00200,2025-06-29,CUST161,Riya Thakkar,Male,22,Pune,Maharashtra,West,P103,Smartwatch,Electronics,Wearables,4,6500,0.1,23400.0,16074.55,7325.45,Debit Card,Delivered
ORD00573,2025-06-29,CUST022,Sahil Pandya,Female,31,Surat,Gujarat,West,P112,Backpack,Fashion,Bags,3,2200,0.1,5940.0,4347.6,1592.4,Credit Card,Delivered
ORD00585,2025-06-29,CUST027,Pooja Verma,Male,25,Kolkata,West Bengal,East,P114,T-Shirt,Fashion,Clothing,2,900,0.2,1440.0,1211.85,228.15,Net Banking,Delivered
ORD00671,2025-06-29,CUST164,Pooja Kapoor,Female,34,Mumbai,Maharashtra,West,P104,Bluetooth Speaker,Electronics,Audio,3,2800,0.05,7980.0,5973.78,2006.22,Credit Card,Delivered
ORD00979,2025-06-29,CUST220,Simran Shah,Male,46,Jaipur,Rajasthan,North,P104,Bluetooth Speaker,Electronics,Audio,2,2800,0.05,5320.0,4298.62,1021.38,UPI,Delivered
ORD01001,2025-06-29,CUST079,Sneha Rami,Female,37,Delhi,Delhi,North,P106,USB-C Charger,Electronics,Accessories,2,1200,0.1,2160.0,1774.53,385.47,Credit Card,Delivered
ORD01102,2025-06-29,CUST109,Priya Patel,Female,40,Ahmedabad,Gujarat,West,P108,Study Table,Furniture,Tables,4,7200,0.15,24480.0,19730.08,4749.92,Debit Card,Delivered
ORD01127,2025-06-29,CUST047,Anjali Kapoor,Male,45,Mumbai,Maharashtra,West,P104,Bluetooth Speaker,Electronics,Audio,3,2800,0.1,7560.0,5218.12,2341.88,Net Banking,Delivered
ORD00277,2025-06-30,CUST045,Vivek Dave,Female,23,Vadodara,Gujarat,West,P111,Coffee Maker,Home & Living,Kitchen,2,4500,0.15,7650.0,5514.99,2135.01,Debit Card,Delivered
ORD00384,2025-06-30,CUST234,Pooja Kapoor,Male,39,Lucknow,Uttar Pradesh,North,P110,Bedsheet Set,Home & Living,Bedding,2,1800,0.1,3240.0,2610.0,630.0,Credit Card,Delivered
ORD00549,2025-06-30,CUST023,Arjun Desai,Female,35,Jaipur,Rajasthan,North,P112,Backpack,Fashion,Bags,2,2200,0.05,4180.0,2883.81,1296.19,Credit Card,Delivered
ORD01461,2025-06-30,CUST202,Kavya Mehta,Male,40,Mumbai,Maharashtra,West,P118,Green Tea,Grocery,Beverages,2,500,0.0,1000.0,729.03,270.97,UPI,Delivered
ORD00022,2025-07-01,CUST149,Varun Shah,Male,49,Kolkata,West Bengal,East,P114,T-Shirt,Fashion,Clothing,3,900,0.05,2565.0,1734.18,830.82,UPI,Delivered
ORD00865,2025-07-01,CUST200,Sahil Joshi,Female,45,Vadodara,Gujarat,West,P118,Green Tea,Grocery,Beverages,3,500,0.15,1275.0,1135.98,139.02,UPI,Delivered
ORD01031,2025-07-01,CUST173,Neha Dave,Male,45,Hyderabad,Telangana,South,P108,Study Table,Furniture,Tables,3,7200,0.2,17280.0,13619.5,3660.5,Credit Card,Delivered
ORD01318,2025-07-01,CUST244,Kavya Mehta,Male,32,Patna,Bihar,East,P109,Bookshelf,Furniture,Storage,3,6200,0.1,16740.0,11775.82,4964.18,Credit Card,Delivered
ORD00158,2025-07-02,CUST015,Priya Sharma,Female,24,Ahmedabad,Gujarat,West,P108,Study Table,Furniture,Tables,1,7200,0.05,6840.0,4968.13,1871.87,Credit Card,Delivered
ORD00220,2025-07-02,CUST041,Sneha Thakkar,Male,40,Ahmedabad,Gujarat,West,P107,Office Chair,Furniture,Chairs,3,8500,0.1,22950.0,18371.52,4578.48,Cash on Delivery,Delivered
ORD00255,2025-07-02,CUST019,Vivek Sharma,Female,46,Lucknow,Uttar Pradesh,North,P117,Dry Fruits,Grocery,Food,2,1100,0.05,2090.0,1533.78,556.22,Debit Card,Delivered
ORD00163,2025-07-03,CUST165,Kavya Joshi,Female,30,Bengaluru,Karnataka,South,P101,Wireless Headphones,Electronics,Audio,3,3200,0.0,9600.0,5859.01,3740.99,UPI,Delivered
ORD00253,2025-07-03,CUST066,Sneha Mehta,Female,20,Surat,Gujarat,West,P113,Running Shoes,Fashion,Footwear,2,3800,0.05,0.0,0.0,0.0,Net Banking,Cancelled
ORD00404,2025-07-03,CUST099,Arjun Thakkar,Female,49,Chennai,Tamil Nadu,South,P108,Study Table,Furniture,Tables,2,7200,0.05,0.0,0.0,0.0,Net Banking,Cancelled
ORD00959,2025-07-03,CUST047,Anjali Kapoor,Male,45,Kochi,Kerala,South,P111,Coffee Maker,Home & Living,Kitchen,2,4500,0.1,8100.0,5308.74,2791.26,UPI,Delivered
ORD01363,2025-07-03,CUST076,Pooja Mehta,Male,33,Bengaluru,Karnataka,South,P108,Study Table,Furniture,Tables,1,7200,0.0,7200.0,5428.88,1771.12,Debit Card,Delivered
ORD00953,2025-07-04,CUST080,Neha Thakkar,Male,52,Kolkata,West Bengal,East,P112,Backpack,Fashion,Bags,2,2200,0.2,3520.0,2722.47,797.53,UPI,Delivered
ORD01040,2025-07-04,CUST043,Sneha Dave,Female,24,Lucknow,Uttar Pradesh,North,P105,Laptop,Electronics,Computers,1,52000,0.0,52000.0,33127.76,18872.24,Cash on Delivery,Delivered
ORD00168,2025-07-05,CUST056,Isha Verma,Male,19,Vadodara,Gujarat,West,P105,Laptop,Electronics,Computers,2,52000,0.05,98800.0,75339.08,23460.92,Net Banking,Delivered
ORD00261,2025-07-05,CUST179,Sahil Rami,Male,28,Pune,Maharashtra,West,P117,Dry Fruits,Grocery,Food,1,1100,0.1,990.0,842.64,147.36,Net Banking,Delivered
ORD00588,2025-07-05,CUST177,Kavya Desai,Female,49,Bhubaneswar,Odisha,East,P102,Smartphone,Electronics,Mobile,2,18500,0.1,33300.0,23566.04,9733.96,Credit Card,Delivered
ORD00981,2025-07-05,CUST063,Anjali Pandya,Female,33,Jaipur,Rajasthan,North,P109,Bookshelf,Furniture,Storage,3,6200,0.1,16740.0,12163.42,4576.58,Credit Card,Delivered
ORD01312,2025-07-05,CUST006,Priya Verma,Female,47,Mumbai,Maharashtra,West,P105,Laptop,Electronics,Computers,2,52000,0.15,88400.0,74883.92,13516.08,Credit Card,Delivered
ORD00394,2025-07-06,CUST059,Priya Desai,Female,43,Kolkata,West Bengal,East,P115,Jeans,Fashion,Clothing,2,1900,0.0,3800.0,2791.11,1008.89,Debit Card,Delivered
ORD00436,2025-07-06,CUST243,Meera Rathod,Male,35,Surat,Gujarat,West,P103,Smartwatch,Electronics,Wearables,2,6500,0.0,13000.0,9587.17,3412.83,UPI,Delivered
ORD00798,2025-07-06,CUST131,Amit Sharma,Female,48,Mumbai,Maharashtra,West,P110,Bedsheet Set,Home & Living,Bedding,3,1800,0.05,5130.0,3438.23,1691.77,UPI,Delivered
ORD00902,2025-07-06,CUST074,Rahul Thakkar,Female,22,Lucknow,Uttar Pradesh,North,P113,Running Shoes,Fashion,Footwear,2,3800,0.0,7600.0,5075.99,2524.01,Credit Card,Delivered
ORD00270,2025-07-07,CUST029,Neha Mehta,Male,22,Bhubaneswar,Odisha,East,P104,Bluetooth Speaker,Electronics,Audio,2,2800,0.1,5040.0,3757.51,1282.49,UPI,Delivered
ORD00293,2025-07-07,CUST115,Aditya Thakkar,Male,52,Vadodara,Gujarat,West,P113,Running Shoes,Fashion,Footwear,2,3800,0.15,6460.0,5693.69,766.31,Credit Card,Delivered
ORD00388,2025-07-07,CUST229,Varun Dave,Female,36,Delhi,Delhi,North,P113,Running Shoes,Fashion,Footwear,2,3800,0.1,6840.0,4757.34,2082.66,Credit Card,Delivered
ORD00652,2025-07-07,CUST069,Riya Patel,Female,18,Lucknow,Uttar Pradesh,North,P102,Smartphone,Electronics,Mobile,3,18500,0.15,0.0,0.0,0.0,Credit Card,Cancelled
ORD00738,2025-07-08,CUST067,Simran Sharma,Female,24,Jaipur,Rajasthan,North,P107,Office Chair,Furniture,Chairs,2,8500,0.05,16150.0,12339.32,3810.68,Credit Card,Delivered
ORD01234,2025-07-08,CUST185,Rohan Kapoor,Female,33,Surat,Gujarat,West,P105,Laptop,Electronics,Computers,2,52000,0.05,98800.0,67244.57,31555.43,UPI,Delivered
ORD01346,2025-07-08,CUST047,Anjali Kapoor,Male,45,Chennai,Tamil Nadu,South,P118,Green Tea,Grocery,Beverages,2,500,0.1,900.0,738.72,161.28,UPI,Delivered
ORD01402,2025-07-08,CUST051,Pooja Thakkar,Male,50,Chennai,Tamil Nadu,South,P106,USB-C Charger,Electronics,Accessories,3,1200,0.0,3600.0,2770.04,829.96,UPI,Delivered
ORD01446,2025-07-09,CUST220,Simran Shah,Male,46,Kochi,Kerala,South,P110,Bedsheet Set,Home & Living,Bedding,5,1800,0.0,9000.0,6634.41,2365.59,UPI,Delivered
ORD01456,2025-07-09,CUST025,Nisha Trivedi,Male,32,Lucknow,Uttar Pradesh,North,P107,Office Chair,Furniture,Chairs,3,8500,0.05,0.0,0.0,0.0,Debit Card,Cancelled
ORD00368,2025-07-10,CUST226,Sahil Pandya,Male,33,Jaipur,Rajasthan,North,P105,Laptop,Electronics,Computers,2,52000,0.2,83200.0,80727.25,2472.75,Debit Card,Delivered
ORD00389,2025-07-10,CUST160,Riya Dave,Male,59,Bhubaneswar,Odisha,East,P106,USB-C Charger,Electronics,Accessories,2,1200,0.0,2400.0,1525.75,874.25,UPI,Delivered
ORD00740,2025-07-10,CUST027,Pooja Verma,Male,25,Chandigarh,Chandigarh,North,P110,Bedsheet Set,Home & Living,Bedding,2,1800,0.0,3600.0,2748.67,-297.97,Debit Card,Returned
ORD00949,2025-07-10,CUST223,Amit Patel,Female,19,Mumbai,Maharashtra,West,P106,USB-C Charger,Electronics,Accessories,3,1200,0.05,3420.0,2740.21,679.79,Net Banking,Delivered
ORD01155,2025-07-10,CUST003,Riya Kapoor,Male,40,Bhubaneswar,Odisha,East,P103,Smartwatch,Electronics,Wearables,2,6500,0.0,13000.0,8598.65,4401.35,UPI,Delivered
ORD00219,2025-07-11,CUST085,Riya Mehta,Male,50,Pune,Maharashtra,West,P117,Dry Fruits,Grocery,Food,2,1100,0.05,2090.0,1685.97,404.03,Credit Card,Delivered
ORD00380,2025-07-11,CUST104,Neha Patel,Male,41,Bhubaneswar,Odisha,East,P114,T-Shirt,Fashion,Clothing,2,900,0.05,1710.0,1090.68,619.32,UPI,Delivered
ORD00696,2025-07-11,CUST070,Anjali Rathod,Male,42,Jaipur,Rajasthan,North,P116,Organic Coffee,Grocery,Beverages,2,650,0.0,1300.0,1005.12,294.88,UPI,Delivered
ORD00860,2025-07-11,CUST083,Rahul Sharma,Male,31,Ahmedabad,Gujarat,West,P102,Smartphone,Electronics,Mobile,2,18500,0.1,33300.0,23816.54,9483.46,Debit Card,Delivered
ORD01072,2025-07-11,CUST223,Amit Patel,Female,19,Jaipur,Rajasthan,North,P112,Backpack,Fashion,Bags,4,2200,0.0,8800.0,6817.7,1982.3,UPI,Delivered
ORD00612,2025-07-12,CUST179,Sahil Rami,Male,28,Pune,Maharashtra,West,P108,Study Table,Furniture,Tables,3,7200,0.05,20520.0,13324.18,7195.82,UPI,Delivered
ORD01411,2025-07-12,CUST189,Amit Trivedi,Female,44,Delhi,Delhi,North,P105,Laptop,Electronics,Computers,2,52000,0.2,83200.0,68724.88,14475.12,Debit Card,Delivered
ORD01497,2025-07-12,CUST153,Nisha Singh,Male,53,Patna,Bihar,East,P107,Office Chair,Furniture,Chairs,3,8500,0.1,22950.0,19522.64,3427.36,Credit Card,Delivered
ORD00250,2025-07-13,CUST001,Riya Sharma,Male,32,Mumbai,Maharashtra,West,P103,Smartwatch,Electronics,Wearables,1,6500,0.05,6175.0,4710.09,1464.91,UPI,Delivered
ORD00455,2025-07-13,CUST155,Rohan Trivedi,Male,45,Surat,Gujarat,West,P114,T-Shirt,Fashion,Clothing,1,900,0.15,765.0,625.84,139.16,Credit Card,Delivered
ORD00465,2025-07-13,CUST111,Isha Sharma,Female,23,Ahmedabad,Gujarat,West,P117,Dry Fruits,Grocery,Food,3,1100,0.1,2970.0,2122.06,847.94,UPI,Delivered
ORD00778,2025-07-13,CUST157,Meera Desai,Male,52,Bhubaneswar,Odisha,East,P107,Office Chair,Furniture,Chairs,3,8500,0.0,25500.0,18895.33,6604.67,Cash on Delivery,Delivered
ORD01111,2025-07-13,CUST104,Neha Patel,Male,41,Jaipur,Rajasthan,North,P106,USB-C Charger,Electronics,Accessories,2,1200,0.15,2040.0,1567.03,472.97,Net Banking,Delivered
ORD01415,2025-07-13,CUST116,Arjun Sharma,Female,30,Surat,Gujarat,West,P112,Backpack,Fashion,Bags,2,2200,0.1,3960.0,3084.46,875.54,Debit Card,Delivered
ORD00063,2025-07-14,CUST184,Sahil Joshi,Male,28,Vadodara,Gujarat,West,P109,Bookshelf,Furniture,Storage,4,6200,0.15,21080.0,18399.2,2680.8,Debit Card,Delivered
ORD00450,2025-07-14,CUST171,Simran Dave,Female,56,Bhubaneswar,Odisha,East,P113,Running Shoes,Fashion,Footwear,2,3800,0.1,6840.0,5311.25,1528.75,Debit Card,Delivered
ORD00492,2025-07-14,CUST087,Karan Thakkar,Female,55,Kochi,Kerala,South,P113,Running Shoes,Fashion,Footwear,3,3800,0.1,10260.0,8800.32,1459.68,UPI,Delivered
ORD00519,2025-07-14,CUST106,Sneha Dave,Female,18,Jaipur,Rajasthan,North,P106,USB-C Charger,Electronics,Accessories,2,1200,0.05,2280.0,1701.7,578.3,Debit Card,Delivered
ORD00929,2025-07-14,CUST163,Anjali Patel,Male,29,Hyderabad,Telangana,South,P108,Study Table,Furniture,Tables,1,7200,0.1,6480.0,5252.0,1228.0,UPI,Delivered
ORD00487,2025-07-15,CUST068,Aditya Trivedi,Male,57,Bhubaneswar,Odisha,East,P118,Green Tea,Grocery,Beverages,2,500,0.1,900.0,690.94,209.06,Net Banking,Delivered
ORD00679,2025-07-15,CUST058,Amit Shah,Male,36,Kochi,Kerala,South,P106,USB-C Charger,Electronics,Accessories,2,1200,0.1,2160.0,1505.66,654.34,UPI,Delivered
ORD00843,2025-07-15,CUST171,Simran Dave,Female,56,Patna,Bihar,East,P114,T-Shirt,Fashion,Clothing,2,900,0.0,1800.0,1284.02,515.98,UPI,Delivered
ORD01303,2025-07-15,CUST134,Sahil Verma,Female,19,Bhubaneswar,Odisha,East,P106,USB-C Charger,Electronics,Accessories,2,1200,0.05,2280.0,1758.84,521.16,Credit Card,Delivered
ORD00191,2025-07-16,CUST180,Amit Sharma,Male,36,Jaipur,Rajasthan,North,P118,Green Tea,Grocery,Beverages,5,500,0.05,2375.0,1711.66,663.34,UPI,Delivered
ORD00621,2025-07-16,CUST036,Amit Kapoor,Male,31,Chandigarh,Chandigarh,North,P113,Running Shoes,Fashion,Footwear,1,3800,0.15,3230.0,2248.88,981.12,UPI,Delivered
ORD00174,2025-07-17,CUST045,Vivek Dave,Female,23,Ahmedabad,Gujarat,West,P117,Dry Fruits,Grocery,Food,3,1100,0.1,2970.0,1992.1,977.9,Credit Card,Delivered
ORD00176,2025-07-17,CUST113,Rahul Verma,Male,22,Chennai,Tamil Nadu,South,P113,Running Shoes,Fashion,Footwear,2,3800,0.05,7220.0,5837.83,1382.17,UPI,Delivered
ORD00616,2025-07-17,CUST021,Vivek Thakkar,Female,31,Surat,Gujarat,West,P115,Jeans,Fashion,Clothing,4,1900,0.15,6460.0,5485.68,974.32,Credit Card,Delivered
ORD00618,2025-07-17,CUST098,Vivek Pandya,Female,20,Pune,Maharashtra,West,P116,Organic Coffee,Grocery,Beverages,2,650,0.1,1170.0,990.49,179.51,UPI,Delivered
ORD00449,2025-07-18,CUST065,Sahil Dave,Male,37,Hyderabad,Telangana,South,P110,Bedsheet Set,Home & Living,Bedding,2,1800,0.15,3060.0,2162.05,-314.28,UPI,Returned
ORD01201,2025-07-18,CUST127,Karan Thakkar,Female,22,Bengaluru,Karnataka,South,P109,Bookshelf,Furniture,Storage,3,6200,0.1,16740.0,12058.41,4681.59,Debit Card,Delivered
ORD00390,2025-07-19,CUST226,Sahil Pandya,Male,33,Kochi,Kerala,South,P106,USB-C Charger,Electronics,Accessories,2,1200,0.05,0.0,0.0,0.0,UPI,Cancelled
ORD00412,2025-07-19,CUST242,Neha Pandya,Male,60,Kolkata,West Bengal,East,P117,Dry Fruits,Grocery,Food,3,1100,0.15,2805.0,1982.94,822.06,Credit Card,Delivered
ORD00468,2025-07-19,CUST043,Sneha Dave,Female,24,Vadodara,Gujarat,West,P108,Study Table,Furniture,Tables,5,7200,0.0,36000.0,24325.14,11674.86,Credit Card,Delivered
ORD00906,2025-07-19,CUST218,Aditya Trivedi,Female,50,Ahmedabad,Gujarat,West,P101,Wireless Headphones,Electronics,Audio,3,3200,0.2,7680.0,5611.33,2068.67,UPI,Delivered
ORD01240,2025-07-19,CUST043,Sneha Dave,Female,24,Bhubaneswar,Odisha,East,P114,T-Shirt,Fashion,Clothing,2,900,0.0,1800.0,1275.39,524.61,Net Banking,Delivered
ORD00044,2025-07-20,CUST190,Isha Trivedi,Male,37,Bhubaneswar,Odisha,East,P113,Running Shoes,Fashion,Footwear,3,3800,0.0,11400.0,6783.31,4616.69,Debit Card,Delivered
ORD00340,2025-07-20,CUST115,Aditya Thakkar,Male,52,Mumbai,Maharashtra,West,P102,Smartphone,Electronics,Mobile,2,18500,0.05,35150.0,22695.29,12454.71,UPI,Delivered
ORD00536,2025-07-20,CUST105,Nisha Rathod,Female,24,Pune,Maharashtra,West,P108,Study Table,Furniture,Tables,2,7200,0.05,13680.0,8352.65,5327.35,Cash on Delivery,Delivered
ORD00742,2025-07-20,CUST168,Kavya Mehta,Female,18,Patna,Bihar,East,P102,Smartphone,Electronics,Mobile,3,18500,0.1,49950.0,41464.5,8485.5,Cash on Delivery,Delivered
ORD00023,2025-07-21,CUST175,Riya Shah,Male,30,Lucknow,Uttar Pradesh,North,P109,Bookshelf,Furniture,Storage,3,6200,0.0,18600.0,12028.62,6571.38,Credit Card,Delivered
ORD00122,2025-07-21,CUST100,Meera Rami,Male,19,Patna,Bihar,East,P107,Office Chair,Furniture,Chairs,3,8500,0.1,22950.0,15553.49,7396.51,Credit Card,Delivered
ORD00301,2025-07-21,CUST241,Karan Singh,Female,24,Kochi,Kerala,South,P110,Bedsheet Set,Home & Living,Bedding,1,1800,0.05,1710.0,1230.33,479.67,UPI,Delivered
ORD01333,2025-07-21,CUST112,Meera Rami,Male,54,Lucknow,Uttar Pradesh,North,P110,Bedsheet Set,Home & Living,Bedding,2,1800,0.1,3240.0,2198.93,1041.07,Debit Card,Delivered
ORD00116,2025-07-22,CUST124,Neha Rathod,Female,33,Hyderabad,Telangana,South,P104,Bluetooth Speaker,Electronics,Audio,2,2800,0.0,5600.0,3784.69,1815.31,UPI,Delivered
ORD00209,2025-07-22,CUST120,Pooja Rathod,Male,18,Mumbai,Maharashtra,West,P114,T-Shirt,Fashion,Clothing,1,900,0.05,855.0,653.44,201.56,Credit Card,Delivered
ORD00369,2025-07-22,CUST212,Isha Pandya,Male,40,Delhi,Delhi,North,P114,T-Shirt,Fashion,Clothing,4,900,0.15,3060.0,2348.95,711.05,Net Banking,Delivered
ORD00777,2025-07-22,CUST229,Varun Dave,Female,36,Surat,Gujarat,West,P109,Bookshelf,Furniture,Storage,4,6200,0.0,24800.0,14758.04,10041.96,UPI,Delivered
ORD00890,2025-07-22,CUST002,Anjali Verma,Male,38,Surat,Gujarat,West,P118,Green Tea,Grocery,Beverages,2,500,0.15,850.0,584.84,265.16,UPI,Delivered
ORD00909,2025-07-22,CUST112,Meera Rami,Male,54,Hyderabad,Telangana,South,P115,Jeans,Fashion,Clothing,2,1900,0.1,3420.0,2231.84,1188.16,UPI,Delivered
ORD01006,2025-07-22,CUST233,Isha Thakkar,Female,44,Jaipur,Rajasthan,North,P114,T-Shirt,Fashion,Clothing,1,900,0.1,810.0,615.72,194.28,Debit Card,Delivered
ORD01268,2025-07-22,CUST056,Isha Verma,Male,19,Chennai,Tamil Nadu,South,P114,T-Shirt,Fashion,Clothing,2,900,0.05,1710.0,1153.53,556.47,Credit Card,Delivered
ORD00348,2025-07-23,CUST224,Nisha Thakkar,Male,60,Chandigarh,Chandigarh,North,P106,USB-C Charger,Electronics,Accessories,2,1200,0.1,2160.0,1799.01,-126.35,Credit Card,Returned
ORD00466,2025-07-23,CUST163,Anjali Patel,Male,29,Pune,Maharashtra,West,P112,Backpack,Fashion,Bags,2,2200,0.05,4180.0,3259.6,-322.14,Credit Card,Returned
ORD01151,2025-07-23,CUST111,Isha Sharma,Female,23,Chandigarh,Chandigarh,North,P113,Running Shoes,Fashion,Footwear,1,3800,0.05,3610.0,2732.44,877.56,Credit Card,Delivered
ORD01200,2025-07-23,CUST072,Vivek Mehta,Male,33,Delhi,Delhi,North,P104,Bluetooth Speaker,Electronics,Audio,3,2800,0.1,7560.0,5317.82,2242.18,Debit Card,Delivered
ORD01377,2025-07-23,CUST237,Sneha Shah,Female,52,Jaipur,Rajasthan,North,P109,Bookshelf,Furniture,Storage,1,6200,0.05,5890.0,4179.48,1710.52,UPI,Delivered
ORD00814,2025-07-24,CUST201,Isha Desai,Male,22,Kolkata,West Bengal,East,P108,Study Table,Furniture,Tables,2,7200,0.1,12960.0,8501.97,4458.03,UPI,Delivered
ORD00628,2025-07-25,CUST204,Vivek Mehta,Male,38,Surat,Gujarat,West,P111,Coffee Maker,Home & Living,Kitchen,3,4500,0.05,12825.0,9818.48,3006.52,UPI,Delivered
ORD01378,2025-07-25,CUST008,Rahul Rathod,Female,39,Pune,Maharashtra,West,P104,Bluetooth Speaker,Electronics,Audio,1,2800,0.0,2800.0,1821.69,978.31,Cash on Delivery,Delivered
ORD00359,2025-07-26,CUST074,Rahul Thakkar,Female,22,Jaipur,Rajasthan,North,P115,Jeans,Fashion,Clothing,3,1900,0.1,5130.0,3520.0,1610.0,UPI,Delivered
ORD00956,2025-07-26,CUST205,Karan Trivedi,Female,18,Delhi,Delhi,North,P103,Smartwatch,Electronics,Wearables,2,6500,0.05,12350.0,8580.4,3769.6,UPI,Delivered
ORD01028,2025-07-26,CUST219,Meera Rathod,Female,59,Mumbai,Maharashtra,West,P115,Jeans,Fashion,Clothing,2,1900,0.05,3610.0,2701.06,908.94,Credit Card,Delivered
ORD00796,2025-07-27,CUST203,Amit Desai,Male,27,Chandigarh,Chandigarh,North,P113,Running Shoes,Fashion,Footwear,3,3800,0.05,10830.0,7878.07,2951.93,Credit Card,Delivered
ORD00809,2025-07-27,CUST048,Riya Thakkar,Male,18,Pune,Maharashtra,West,P104,Bluetooth Speaker,Electronics,Audio,1,2800,0.05,2660.0,1784.86,875.14,Debit Card,Delivered
ORD01437,2025-07-27,CUST129,Riya Sharma,Male,47,Mumbai,Maharashtra,West,P118,Green Tea,Grocery,Beverages,1,500,0.0,500.0,376.52,123.48,Credit Card,Delivered
ORD00339,2025-07-28,CUST150,Amit Rathod,Male,30,Delhi,Delhi,North,P101,Wireless Headphones,Electronics,Audio,2,3200,0.1,5760.0,4840.53,919.47,UPI,Delivered
ORD00833,2025-07-28,CUST047,Anjali Kapoor,Male,45,Kochi,Kerala,South,P116,Organic Coffee,Grocery,Beverages,2,650,0.05,1235.0,755.85,479.15,Net Banking,Delivered
ORD00935,2025-07-28,CUST048,Riya Thakkar,Male,18,Jaipur,Rajasthan,North,P111,Coffee Maker,Home & Living,Kitchen,4,4500,0.1,16200.0,12338.84,3861.16,UPI,Delivered
ORD01205,2025-07-28,CUST142,Isha Kapoor,Female,46,Jaipur,Rajasthan,North,P104,Bluetooth Speaker,Electronics,Audio,4,2800,0.0,11200.0,7462.9,3737.1,UPI,Delivered
ORD01481,2025-07-28,CUST097,Rahul Mehta,Female,35,Hyderabad,Telangana,South,P117,Dry Fruits,Grocery,Food,1,1100,0.1,990.0,639.34,350.66,Credit Card,Delivered
ORD00024,2025-07-29,CUST075,Amit Singh,Male,26,Delhi,Delhi,North,P102,Smartphone,Electronics,Mobile,2,18500,0.15,31450.0,25804.3,5645.7,UPI,Delivered
ORD00486,2025-07-29,CUST003,Riya Kapoor,Male,40,Jaipur,Rajasthan,North,P111,Coffee Maker,Home & Living,Kitchen,2,4500,0.05,8550.0,6016.64,2533.36,UPI,Delivered
ORD00763,2025-07-29,CUST249,Neha Trivedi,Male,35,Chennai,Tamil Nadu,South,P105,Laptop,Electronics,Computers,2,52000,0.1,93600.0,70572.24,23027.76,UPI,Delivered
ORD01317,2025-07-29,CUST214,Priya Singh,Male,56,Delhi,Delhi,North,P112,Backpack,Fashion,Bags,2,2200,0.1,3960.0,2908.54,1051.46,UPI,Delivered
ORD01372,2025-07-29,CUST096,Neha Rathod,Male,38,Ahmedabad,Gujarat,West,P105,Laptop,Electronics,Computers,1,52000,0.1,46800.0,34833.17,11966.83,Credit Card,Delivered
ORD00353,2025-07-30,CUST244,Kavya Mehta,Male,32,Ahmedabad,Gujarat,West,P103,Smartwatch,Electronics,Wearables,3,6500,0.1,17550.0,11972.54,5577.46,UPI,Delivered
ORD01365,2025-07-30,CUST083,Rahul Sharma,Male,31,Jaipur,Rajasthan,North,P106,USB-C Charger,Electronics,Accessories,4,1200,0.1,4320.0,3269.73,1050.27,UPI,Delivered
ORD00767,2025-07-31,CUST118,Simran Shah,Female,36,Lucknow,Uttar Pradesh,North,P103,Smartwatch,Electronics,Wearables,2,6500,0.05,12350.0,9323.84,3026.16,Cash on Delivery,Delivered
ORD01176,2025-07-31,CUST178,Nisha Dave,Male,38,Pune,Maharashtra,West,P115,Jeans,Fashion,Clothing,1,1900,0.1,1710.0,1304.93,405.07,Credit Card,Delivered
ORD00011,2025-08-01,CUST014,Karan Patel,Female,26,Patna,Bihar,East,P103,Smartwatch,Electronics,Wearables,2,6500,0.05,12350.0,9187.77,3162.23,Cash on Delivery,Delivered
ORD00179,2025-08-01,CUST057,Priya Rathod,Female,40,Hyderabad,Telangana,South,P104,Bluetooth Speaker,Electronics,Audio,1,2800,0.0,2800.0,1782.02,1017.98,UPI,Delivered
ORD01179,2025-08-01,CUST067,Simran Sharma,Female,24,Lucknow,Uttar Pradesh,North,P111,Coffee Maker,Home & Living,Kitchen,1,4500,0.05,4275.0,2671.65,1603.35,Credit Card,Delivered
ORD01275,2025-08-01,CUST140,Rohan Dave,Male,29,Surat,Gujarat,West,P109,Bookshelf,Furniture,Storage,2,6200,0.05,11780.0,9523.97,2256.03,Credit Card,Delivered
ORD01387,2025-08-01,CUST086,Sahil Rathod,Male,39,Chennai,Tamil Nadu,South,P117,Dry Fruits,Grocery,Food,1,1100,0.1,990.0,729.71,260.29,Debit Card,Delivered
ORD00189,2025-08-02,CUST120,Pooja Rathod,Male,18,Chandigarh,Chandigarh,North,P115,Jeans,Fashion,Clothing,1,1900,0.05,1805.0,1461.72,343.28,Credit Card,Delivered
ORD00216,2025-08-02,CUST087,Karan Thakkar,Female,55,Delhi,Delhi,North,P106,USB-C Charger,Electronics,Accessories,2,1200,0.05,2280.0,1618.8,661.2,UPI,Delivered
ORD00500,2025-08-02,CUST233,Isha Thakkar,Female,44,Ahmedabad,Gujarat,West,P111,Coffee Maker,Home & Living,Kitchen,2,4500,0.1,8100.0,5821.55,2278.45,Debit Card,Delivered
ORD00607,2025-08-02,CUST158,Rohan Trivedi,Female,38,Mumbai,Maharashtra,West,P103,Smartwatch,Electronics,Wearables,3,6500,0.15,16575.0,15197.56,1377.44,Credit Card,Delivered
ORD00882,2025-08-02,CUST088,Nisha Mehta,Female,25,Chandigarh,Chandigarh,North,P109,Bookshelf,Furniture,Storage,2,6200,0.1,11160.0,8190.62,2969.38,UPI,Delivered
ORD01134,2025-08-02,CUST086,Sahil Rathod,Male,39,Vadodara,Gujarat,West,P115,Jeans,Fashion,Clothing,1,1900,0.05,1805.0,1272.23,532.77,UPI,Delivered
ORD01256,2025-08-02,CUST066,Sneha Mehta,Female,20,Kochi,Kerala,South,P108,Study Table,Furniture,Tables,2,7200,0.0,14400.0,9007.17,5392.83,Credit Card,Delivered
ORD01291,2025-08-02,CUST011,Meera Thakkar,Female,20,Bengaluru,Karnataka,South,P102,Smartphone,Electronics,Mobile,2,18500,0.05,35150.0,25165.44,9984.56,Credit Card,Delivered
ORD01396,2025-08-02,CUST223,Amit Patel,Female,19,Kochi,Kerala,South,P111,Coffee Maker,Home & Living,Kitchen,2,4500,0.05,8550.0,5635.74,2914.26,Net Banking,Delivered
ORD00354,2025-08-03,CUST157,Meera Desai,Male,52,Kolkata,West Bengal,East,P117,Dry Fruits,Grocery,Food,3,1100,0.05,3135.0,2425.04,709.96,Net Banking,Delivered
ORD00489,2025-08-03,CUST173,Neha Dave,Male,45,Delhi,Delhi,North,P105,Laptop,Electronics,Computers,3,52000,0.05,148200.0,116601.8,31598.2,Credit Card,Delivered
ORD00924,2025-08-03,CUST086,Sahil Rathod,Male,39,Kochi,Kerala,South,P117,Dry Fruits,Grocery,Food,1,1100,0.1,990.0,788.8,201.2,Debit Card,Delivered
ORD01136,2025-08-03,CUST212,Isha Pandya,Male,40,Delhi,Delhi,North,P108,Study Table,Furniture,Tables,3,7200,0.05,20520.0,13957.03,6562.97,UPI,Delivered
ORD01174,2025-08-03,CUST210,Neha Singh,Female,29,Patna,Bihar,East,P105,Laptop,Electronics,Computers,2,52000,0.1,93600.0,77519.59,16080.41,UPI,Delivered
ORD00047,2025-08-04,CUST012,Amit Mehta,Male,38,Chennai,Tamil Nadu,South,P116,Organic Coffee,Grocery,Beverages,3,650,0.1,1755.0,1427.02,327.98,Debit Card,Delivered
ORD00278,2025-08-04,CUST175,Riya Shah,Male,30,Mumbai,Maharashtra,West,P106,USB-C Charger,Electronics,Accessories,3,1200,0.1,3240.0,2131.65,1108.35,Debit Card,Delivered
ORD00287,2025-08-04,CUST156,Karan Pandya,Female,36,Kolkata,West Bengal,East,P111,Coffee Maker,Home & Living,Kitchen,3,4500,0.0,13500.0,9219.65,4280.35,Net Banking,Delivered
ORD00638,2025-08-04,CUST188,Arjun Kapoor,Female,45,Kolkata,West Bengal,East,P112,Backpack,Fashion,Bags,4,2200,0.15,7480.0,5196.53,2283.47,UPI,Delivered
ORD00692,2025-08-04,CUST050,Riya Rami,Female,44,Delhi,Delhi,North,P110,Bedsheet Set,Home & Living,Bedding,2,1800,0.1,3240.0,2533.5,706.5,UPI,Delivered
ORD00878,2025-08-04,CUST065,Sahil Dave,Male,37,Patna,Bihar,East,P105,Laptop,Electronics,Computers,1,52000,0.0,52000.0,35284.93,-5850.27,UPI,Returned
ORD00926,2025-08-04,CUST041,Sneha Thakkar,Male,40,Bhubaneswar,Odisha,East,P107,Office Chair,Furniture,Chairs,3,8500,0.05,24225.0,16404.65,7820.35,Debit Card,Delivered
ORD01450,2025-08-04,CUST191,Nisha Rathod,Female,46,Bhubaneswar,Odisha,East,P114,T-Shirt,Fashion,Clothing,1,900,0.05,855.0,616.75,238.25,Debit Card,Delivered
ORD00104,2025-08-05,CUST043,Sneha Dave,Female,24,Chennai,Tamil Nadu,South,P102,Smartphone,Electronics,Mobile,3,18500,0.15,47175.0,37237.61,9937.39,Credit Card,Delivered
ORD01091,2025-08-05,CUST128,Rohan Kapoor,Female,38,Chandigarh,Chandigarh,North,P117,Dry Fruits,Grocery,Food,5,1100,0.1,4950.0,3998.48,951.52,UPI,Delivered
ORD00126,2025-08-06,CUST046,Rohan Rathod,Female,47,Vadodara,Gujarat,West,P104,Bluetooth Speaker,Electronics,Audio,2,2800,0.15,4760.0,4113.34,646.66,UPI,Delivered
ORD01125,2025-08-06,CUST020,Varun Kapoor,Female,51,Vadodara,Gujarat,West,P105,Laptop,Electronics,Computers,2,52000,0.15,88400.0,60498.24,27901.76,UPI,Delivered
ORD01148,2025-08-06,CUST144,Simran Trivedi,Male,21,Vadodara,Gujarat,West,P116,Organic Coffee,Grocery,Beverages,2,650,0.15,1105.0,830.86,274.14,Debit Card,Delivered
ORD01383,2025-08-06,CUST148,Neha Shah,Male,53,Pune,Maharashtra,West,P102,Smartphone,Electronics,Mobile,4,18500,0.1,0.0,0.0,0.0,Debit Card,Cancelled
ORD00040,2025-08-07,CUST057,Priya Rathod,Female,40,Hyderabad,Telangana,South,P106,USB-C Charger,Electronics,Accessories,2,1200,0.1,2160.0,1711.22,448.78,UPI,Delivered
ORD00317,2025-08-07,CUST154,Rohan Dave,Male,36,Bhubaneswar,Odisha,East,P107,Office Chair,Furniture,Chairs,1,8500,0.2,6800.0,5435.39,1364.61,UPI,Delivered
ORD00463,2025-08-07,CUST194,Meera Trivedi,Female,27,Bengaluru,Karnataka,South,P105,Laptop,Electronics,Computers,2,52000,0.0,104000.0,66870.3,37129.7,UPI,Delivered
ORD00634,2025-08-07,CUST134,Sahil Verma,Female,19,Vadodara,Gujarat,West,P105,Laptop,Electronics,Computers,2,52000,0.0,104000.0,78337.52,25662.48,Net Banking,Delivered
ORD01132,2025-08-07,CUST011,Meera Thakkar,Female,20,Delhi,Delhi,North,P112,Backpack,Fashion,Bags,3,2200,0.1,5940.0,3989.81,1950.19,Cash on Delivery,Delivered
ORD01374,2025-08-07,CUST242,Neha Pandya,Male,60,Lucknow,Uttar Pradesh,North,P106,USB-C Charger,Electronics,Accessories,2,1200,0.05,2280.0,1855.68,424.32,Cash on Delivery,Delivered
ORD00522,2025-08-08,CUST179,Sahil Rami,Male,28,Chandigarh,Chandigarh,North,P118,Green Tea,Grocery,Beverages,2,500,0.1,900.0,689.18,210.82,Cash on Delivery,Delivered
ORD00660,2025-08-08,CUST205,Karan Trivedi,Female,18,Kolkata,West Bengal,East,P117,Dry Fruits,Grocery,Food,3,1100,0.1,2970.0,2503.46,466.54,Debit Card,Delivered
ORD00930,2025-08-08,CUST193,Varun Mehta,Female,22,Bengaluru,Karnataka,South,P110,Bedsheet Set,Home & Living,Bedding,4,1800,0.05,6840.0,5029.9,1810.1,Cash on Delivery,Delivered
ORD01167,2025-08-08,CUST069,Riya Patel,Female,18,Bengaluru,Karnataka,South,P106,USB-C Charger,Electronics,Accessories,3,1200,0.1,0.0,0.0,0.0,Credit Card,Cancelled
ORD00170,2025-08-09,CUST119,Amit Kapoor,Male,40,Jaipur,Rajasthan,North,P104,Bluetooth Speaker,Electronics,Audio,3,2800,0.0,8400.0,5846.37,2553.63,Credit Card,Delivered
ORD00292,2025-08-09,CUST022,Sahil Pandya,Female,31,Surat,Gujarat,West,P113,Running Shoes,Fashion,Footwear,2,3800,0.1,6840.0,5264.25,1575.75,Credit Card,Delivered
ORD00510,2025-08-09,CUST089,Priya Desai,Female,50,Kochi,Kerala,South,P102,Smartphone,Electronics,Mobile,3,18500,0.05,52725.0,40513.45,12211.55,Cash on Delivery,Delivered
ORD01019,2025-08-09,CUST142,Isha Kapoor,Female,46,Jaipur,Rajasthan,North,P101,Wireless Headphones,Electronics,Audio,2,3200,0.05,6080.0,4663.74,1416.26,Credit Card,Delivered
ORD01146,2025-08-09,CUST161,Riya Thakkar,Male,22,Bhubaneswar,Odisha,East,P105,Laptop,Electronics,Computers,3,52000,0.2,124800.0,100170.75,24629.25,Credit Card,Delivered
ORD00482,2025-08-10,CUST066,Sneha Mehta,Female,20,Patna,Bihar,East,P112,Backpack,Fashion,Bags,2,2200,0.05,4180.0,2723.77,1456.23,Debit Card,Delivered
ORD00872,2025-08-10,CUST114,Riya Sharma,Female,49,Chandigarh,Chandigarh,North,P105,Laptop,Electronics,Computers,3,52000,0.15,132600.0,95562.56,37037.44,Net Banking,Delivered
ORD00967,2025-08-10,CUST211,Rahul Rami,Female,22,Kolkata,West Bengal,East,P105,Laptop,Electronics,Computers,3,52000,0.0,156000.0,118742.5,37257.5,Credit Card,Delivered
ORD01073,2025-08-10,CUST172,Vivek Kapoor,Male,56,Hyderabad,Telangana,South,P110,Bedsheet Set,Home & Living,Bedding,3,1800,0.05,5130.0,3843.56,1286.44,Credit Card,Delivered
ORD01429,2025-08-10,CUST226,Sahil Pandya,Male,33,Mumbai,Maharashtra,West,P110,Bedsheet Set,Home & Living,Bedding,3,1800,0.1,4860.0,4147.54,712.46,UPI,Delivered
ORD00033,2025-08-11,CUST165,Kavya Joshi,Female,30,Delhi,Delhi,North,P114,T-Shirt,Fashion,Clothing,2,900,0.0,1800.0,1271.97,528.03,Debit Card,Delivered
ORD00755,2025-08-11,CUST188,Arjun Kapoor,Female,45,Bhubaneswar,Odisha,East,P115,Jeans,Fashion,Clothing,2,1900,0.0,3800.0,2900.11,899.89,Debit Card,Delivered
ORD00867,2025-08-11,CUST083,Rahul Sharma,Male,31,Chennai,Tamil Nadu,South,P105,Laptop,Electronics,Computers,2,52000,0.05,98800.0,76848.99,21951.01,Credit Card,Delivered
ORD01097,2025-08-11,CUST234,Pooja Kapoor,Male,39,Jaipur,Rajasthan,North,P115,Jeans,Fashion,Clothing,3,1900,0.1,5130.0,4393.67,736.33,Debit Card,Delivered
ORD00027,2025-08-12,CUST049,Aditya Dave,Male,20,Jaipur,Rajasthan,North,P101,Wireless Headphones,Electronics,Audio,1,3200,0.1,2880.0,1990.34,889.66,Net Banking,Delivered
ORD00161,2025-08-12,CUST238,Aditya Pandya,Male,39,Jaipur,Rajasthan,North,P112,Backpack,Fashion,Bags,1,2200,0.1,1980.0,1709.25,270.75,Cash on Delivery,Delivered
ORD00165,2025-08-12,CUST132,Vivek Kapoor,Male,49,Chandigarh,Chandigarh,North,P103,Smartwatch,Electronics,Wearables,3,6500,0.1,17550.0,12522.62,5027.38,Debit Card,Delivered
ORD00442,2025-08-12,CUST063,Anjali Pandya,Female,33,Mumbai,Maharashtra,West,P102,Smartphone,Electronics,Mobile,3,18500,0.0,55500.0,32574.87,22925.13,Credit Card,Delivered
ORD00720,2025-08-12,CUST046,Rohan Rathod,Female,47,Hyderabad,Telangana,South,P110,Bedsheet Set,Home & Living,Bedding,1,1800,0.1,0.0,0.0,0.0,UPI,Cancelled
ORD00762,2025-08-12,CUST176,Isha Trivedi,Female,50,Patna,Bihar,East,P107,Office Chair,Furniture,Chairs,2,8500,0.15,14450.0,10326.83,4123.17,UPI,Delivered
ORD01326,2025-08-12,CUST048,Riya Thakkar,Male,18,Jaipur,Rajasthan,North,P112,Backpack,Fashion,Bags,2,2200,0.1,3960.0,2878.23,1081.77,UPI,Delivered
ORD00123,2025-08-14,CUST049,Aditya Dave,Male,20,Vadodara,Gujarat,West,P112,Backpack,Fashion,Bags,2,2200,0.1,3960.0,2709.03,1250.97,UPI,Delivered
ORD00695,2025-08-14,CUST130,Amit Joshi,Female,27,Lucknow,Uttar Pradesh,North,P113,Running Shoes,Fashion,Footwear,3,3800,0.05,10830.0,7791.38,-1063.52,UPI,Returned
ORD01056,2025-08-14,CUST108,Rohan Mehta,Male,32,Patna,Bihar,East,P114,T-Shirt,Fashion,Clothing,2,900,0.05,1710.0,1237.38,472.62,UPI,Delivered
ORD01425,2025-08-14,CUST192,Nisha Thakkar,Male,23,Mumbai,Maharashtra,West,P114,T-Shirt,Fashion,Clothing,2,900,0.0,1800.0,1244.42,555.58,UPI,Delivered
ORD00528,2025-08-15,CUST233,Isha Thakkar,Female,44,Bhubaneswar,Odisha,East,P117,Dry Fruits,Grocery,Food,3,1100,0.2,2640.0,2529.44,110.56,Cash on Delivery,Delivered
ORD00944,2025-08-15,CUST234,Pooja Kapoor,Male,39,Vadodara,Gujarat,West,P109,Bookshelf,Furniture,Storage,1,6200,0.15,5270.0,4440.34,829.66,UPI,Delivered
ORD01062,2025-08-15,CUST236,Sahil Dave,Male,43,Chandigarh,Chandigarh,North,P112,Backpack,Fashion,Bags,2,2200,0.05,4180.0,3104.21,1075.79,Net Banking,Delivered
ORD00094,2025-08-16,CUST105,Nisha Rathod,Female,24,Mumbai,Maharashtra,West,P102,Smartphone,Electronics,Mobile,3,18500,0.15,47175.0,36871.1,10303.9,UPI,Delivered
ORD00273,2025-08-16,CUST228,Neha Mehta,Male,46,Bengaluru,Karnataka,South,P107,Office Chair,Furniture,Chairs,3,8500,0.0,25500.0,19372.66,6127.34,Net Banking,Delivered
ORD01244,2025-08-16,CUST243,Meera Rathod,Male,35,Jaipur,Rajasthan,North,P107,Office Chair,Furniture,Chairs,3,8500,0.1,22950.0,16112.12,6837.88,Cash on Delivery,Delivered
ORD00002,2025-08-17,CUST184,Sahil Joshi,Male,28,Bhubaneswar,Odisha,East,P113,Running Shoes,Fashion,Footwear,4,3800,0.0,15200.0,9501.01,5698.99,Credit Card,Delivered
ORD00145,2025-08-17,CUST227,Arjun Sharma,Female,21,Jaipur,Rajasthan,North,P114,T-Shirt,Fashion,Clothing,2,900,0.2,1440.0,1133.49,306.51,UPI,Delivered
ORD00774,2025-08-17,CUST023,Arjun Desai,Female,35,Vadodara,Gujarat,West,P110,Bedsheet Set,Home & Living,Bedding,1,1800,0.1,1620.0,1348.38,271.62,Net Banking,Delivered
ORD00362,2025-08-18,CUST199,Pooja Mehta,Male,18,Chandigarh,Chandigarh,North,P113,Running Shoes,Fashion,Footwear,1,3800,0.1,0.0,0.0,0.0,Debit Card,Cancelled
ORD01087,2025-08-18,CUST079,Sneha Rami,Female,37,Kochi,Kerala,South,P112,Backpack,Fashion,Bags,1,2200,0.05,2090.0,1451.7,638.3,UPI,Delivered
ORD01196,2025-08-18,CUST086,Sahil Rathod,Male,39,Lucknow,Uttar Pradesh,North,P117,Dry Fruits,Grocery,Food,2,1100,0.0,2200.0,1486.76,713.24,UPI,Delivered
ORD01419,2025-08-18,CUST190,Isha Trivedi,Male,37,Kolkata,West Bengal,East,P104,Bluetooth Speaker,Electronics,Audio,1,2800,0.0,0.0,0.0,0.0,UPI,Cancelled
ORD00133,2025-08-19,CUST198,Isha Dave,Male,51,Delhi,Delhi,North,P118,Green Tea,Grocery,Beverages,3,500,0.1,1350.0,1022.05,327.95,UPI,Delivered
ORD00459,2025-08-19,CUST104,Neha Patel,Male,41,Vadodara,Gujarat,West,P114,T-Shirt,Fashion,Clothing,1,900,0.1,810.0,580.24,229.76,Debit Card,Delivered
ORD00946,2025-08-19,CUST044,Simran Rami,Female,19,Bhubaneswar,Odisha,East,P103,Smartwatch,Electronics,Wearables,1,6500,0.0,6500.0,4330.96,2169.04,UPI,Delivered
ORD01088,2025-08-19,CUST219,Meera Rathod,Female,59,Hyderabad,Telangana,South,P112,Backpack,Fashion,Bags,2,2200,0.1,3960.0,2597.66,1362.34,Cash on Delivery,Delivered
ORD01237,2025-08-19,CUST138,Amit Rathod,Male,18,Kolkata,West Bengal,East,P108,Study Table,Furniture,Tables,4,7200,0.0,28800.0,20943.83,7856.17,UPI,Delivered
ORD00586,2025-08-20,CUST232,Rohan Kapoor,Female,51,Chennai,Tamil Nadu,South,P107,Office Chair,Furniture,Chairs,4,8500,0.05,32300.0,20403.83,11896.17,Credit Card,Delivered
ORD01403,2025-08-20,CUST086,Sahil Rathod,Male,39,Vadodara,Gujarat,West,P102,Smartphone,Electronics,Mobile,2,18500,0.15,31450.0,23339.86,8110.14,UPI,Delivered
ORD00070,2025-08-21,CUST046,Rohan Rathod,Female,47,Bhubaneswar,Odisha,East,P117,Dry Fruits,Grocery,Food,3,1100,0.05,3135.0,2332.44,802.56,Credit Card,Delivered
ORD00160,2025-08-21,CUST039,Simran Pandya,Female,56,Ahmedabad,Gujarat,West,P112,Backpack,Fashion,Bags,2,2200,0.1,3960.0,2746.54,1213.46,Cash on Delivery,Delivered
ORD01430,2025-08-21,CUST112,Meera Rami,Male,54,Bhubaneswar,Odisha,East,P110,Bedsheet Set,Home & Living,Bedding,2,1800,0.0,3600.0,2374.99,-428.75,UPI,Returned
ORD00376,2025-08-22,CUST073,Sahil Trivedi,Female,19,Vadodara,Gujarat,West,P105,Laptop,Electronics,Computers,3,52000,0.1,140400.0,109792.54,30607.46,Cash on Delivery,Delivered
ORD00739,2025-08-22,CUST041,Sneha Thakkar,Male,40,Kochi,Kerala,South,P113,Running Shoes,Fashion,Footwear,1,3800,0.0,3800.0,2627.2,1172.8,Net Banking,Delivered
ORD00945,2025-08-22,CUST024,Meera Desai,Female,43,Pune,Maharashtra,West,P109,Bookshelf,Furniture,Storage,2,6200,0.0,12400.0,7457.34,4942.66,Debit Card,Delivered
ORD00952,2025-08-22,CUST235,Meera Verma,Female,60,Pune,Maharashtra,West,P102,Smartphone,Electronics,Mobile,2,18500,0.05,35150.0,22469.15,12680.85,UPI,Delivered
ORD01043,2025-08-22,CUST236,Sahil Dave,Male,43,Kochi,Kerala,South,P115,Jeans,Fashion,Clothing,2,1900,0.1,3420.0,2833.44,586.56,UPI,Delivered
ORD01388,2025-08-22,CUST076,Pooja Mehta,Male,33,Kolkata,West Bengal,East,P114,T-Shirt,Fashion,Clothing,2,900,0.05,1710.0,1144.82,565.18,UPI,Delivered
ORD00068,2025-08-23,CUST188,Arjun Kapoor,Female,45,Jaipur,Rajasthan,North,P105,Laptop,Electronics,Computers,5,52000,0.1,234000.0,196511.72,37488.28,UPI,Delivered
ORD00227,2025-08-23,CUST169,Aditya Shah,Male,24,Chennai,Tamil Nadu,South,P112,Backpack,Fashion,Bags,2,2200,0.1,3960.0,2590.49,1369.51,UPI,Delivered
ORD00485,2025-08-23,CUST076,Pooja Mehta,Male,33,Jaipur,Rajasthan,North,P101,Wireless Headphones,Electronics,Audio,1,3200,0.05,3040.0,2268.13,771.87,Credit Card,Delivered
ORD00722,2025-08-23,CUST211,Rahul Rami,Female,22,Chennai,Tamil Nadu,South,P103,Smartwatch,Electronics,Wearables,5,6500,0.15,27625.0,23963.7,3661.3,Credit Card,Delivered
ORD00947,2025-08-23,CUST124,Neha Rathod,Female,33,Surat,Gujarat,West,P101,Wireless Headphones,Electronics,Audio,2,3200,0.05,6080.0,4199.87,1880.13,Credit Card,Delivered
ORD00960,2025-08-23,CUST157,Meera Desai,Male,52,Kolkata,West Bengal,East,P113,Running Shoes,Fashion,Footwear,3,3800,0.0,11400.0,7606.64,3793.36,Cash on Delivery,Delivered
ORD00001,2025-08-24,CUST034,Neha Shah,Male,54,Hyderabad,Telangana,South,P108,Study Table,Furniture,Tables,1,7200,0.05,6840.0,4698.84,2141.16,Debit Card,Delivered
ORD00570,2025-08-24,CUST216,Varun Patel,Female,47,Chennai,Tamil Nadu,South,P102,Smartphone,Electronics,Mobile,1,18500,0.05,17575.0,10733.49,-2394.53,UPI,Returned
ORD00827,2025-08-24,CUST136,Aditya Verma,Female,52,Hyderabad,Telangana,South,P103,Smartwatch,Electronics,Wearables,1,6500,0.05,6175.0,4812.49,1362.51,Net Banking,Delivered
ORD01269,2025-08-24,CUST139,Rahul Verma,Female,60,Delhi,Delhi,North,P103,Smartwatch,Electronics,Wearables,2,6500,0.05,12350.0,8346.38,4003.62,Credit Card,Delivered
ORD01310,2025-08-24,CUST046,Rohan Rathod,Female,47,Bhubaneswar,Odisha,East,P114,T-Shirt,Fashion,Clothing,1,900,0.15,765.0,595.77,169.23,Cash on Delivery,Delivered
ORD01370,2025-08-24,CUST142,Isha Kapoor,Female,46,Delhi,Delhi,North,P112,Backpack,Fashion,Bags,3,2200,0.1,5940.0,4746.25,1193.75,Cash on Delivery,Delivered
ORD00134,2025-08-25,CUST036,Amit Kapoor,Male,31,Ahmedabad,Gujarat,West,P118,Green Tea,Grocery,Beverages,2,500,0.0,1000.0,767.39,232.61,Credit Card,Delivered
ORD00322,2025-08-25,CUST138,Amit Rathod,Male,18,Mumbai,Maharashtra,West,P109,Bookshelf,Furniture,Storage,3,6200,0.1,16740.0,11586.56,5153.44,Debit Card,Delivered
ORD00595,2025-08-25,CUST085,Riya Mehta,Male,50,Kochi,Kerala,South,P113,Running Shoes,Fashion,Footwear,2,3800,0.15,6460.0,4721.13,1738.87,Cash on Delivery,Delivered
ORD01007,2025-08-25,CUST095,Isha Thakkar,Male,48,Ahmedabad,Gujarat,West,P109,Bookshelf,Furniture,Storage,1,6200,0.05,5890.0,4806.26,1083.74,Net Banking,Delivered
ORD00759,2025-08-26,CUST081,Varun Thakkar,Female,19,Kolkata,West Bengal,East,P112,Backpack,Fashion,Bags,2,2200,0.05,4180.0,2939.73,1240.27,Net Banking,Delivered
ORD01166,2025-08-26,CUST048,Riya Thakkar,Male,18,Vadodara,Gujarat,West,P115,Jeans,Fashion,Clothing,2,1900,0.0,3800.0,2480.13,1319.87,Credit Card,Delivered
ORD00055,2025-08-27,CUST016,Rohan Dave,Female,52,Chandigarh,Chandigarh,North,P112,Backpack,Fashion,Bags,2,2200,0.0,4400.0,2848.01,1551.99,Credit Card,Delivered
ORD00785,2025-08-27,CUST128,Rohan Kapoor,Female,38,Chennai,Tamil Nadu,South,P103,Smartwatch,Electronics,Wearables,3,6500,0.1,17550.0,12832.27,4717.73,Cash on Delivery,Delivered
ORD01261,2025-08-27,CUST139,Rahul Verma,Female,60,Kochi,Kerala,South,P107,Office Chair,Furniture,Chairs,1,8500,0.1,7650.0,6589.17,1060.83,UPI,Delivered
ORD01320,2025-08-27,CUST162,Neha Joshi,Male,60,Jaipur,Rajasthan,North,P110,Bedsheet Set,Home & Living,Bedding,4,1800,0.1,6480.0,5040.02,1439.98,UPI,Delivered
ORD01329,2025-08-27,CUST025,Nisha Trivedi,Male,32,Mumbai,Maharashtra,West,P104,Bluetooth Speaker,Electronics,Audio,2,2800,0.15,4760.0,3616.57,-400.2,UPI,Returned
ORD00581,2025-08-28,CUST204,Vivek Mehta,Male,38,Bengaluru,Karnataka,South,P114,T-Shirt,Fashion,Clothing,2,900,0.05,0.0,0.0,0.0,UPI,Cancelled
ORD01042,2025-08-28,CUST151,Neha Trivedi,Female,34,Patna,Bihar,East,P112,Backpack,Fashion,Bags,4,2200,0.0,8800.0,6244.85,2555.15,Credit Card,Delivered
ORD00060,2025-08-29,CUST057,Priya Rathod,Female,40,Kolkata,West Bengal,East,P109,Bookshelf,Furniture,Storage,4,6200,0.15,21080.0,18355.82,2724.18,Debit Card,Delivered
ORD00258,2025-08-29,CUST204,Vivek Mehta,Male,38,Ahmedabad,Gujarat,West,P115,Jeans,Fashion,Clothing,2,1900,0.0,3800.0,2413.89,1386.11,Debit Card,Delivered
ORD00289,2025-08-29,CUST243,Meera Rathod,Male,35,Ahmedabad,Gujarat,West,P107,Office Chair,Furniture,Chairs,3,8500,0.0,25500.0,14956.35,10543.65,UPI,Delivered
ORD00897,2025-08-29,CUST122,Sahil Trivedi,Female,18,Kolkata,West Bengal,East,P104,Bluetooth Speaker,Electronics,Audio,1,2800,0.1,2520.0,1814.21,705.79,Debit Card,Delivered
ORD01444,2025-08-29,CUST075,Amit Singh,Male,26,Surat,Gujarat,West,P110,Bedsheet Set,Home & Living,Bedding,3,1800,0.05,5130.0,4128.49,1001.51,UPI,Delivered
ORD00072,2025-08-30,CUST022,Sahil Pandya,Female,31,Mumbai,Maharashtra,West,P104,Bluetooth Speaker,Electronics,Audio,4,2800,0.0,11200.0,8223.0,2977.0,Debit Card,Delivered
ORD00150,2025-08-30,CUST029,Neha Mehta,Male,22,Ahmedabad,Gujarat,West,P110,Bedsheet Set,Home & Living,Bedding,1,1800,0.15,1530.0,1210.13,319.87,Debit Card,Delivered
ORD00294,2025-08-30,CUST023,Arjun Desai,Female,35,Kolkata,West Bengal,East,P115,Jeans,Fashion,Clothing,2,1900,0.1,3420.0,2345.46,1074.54,UPI,Delivered
ORD00332,2025-08-30,CUST129,Riya Sharma,Male,47,Jaipur,Rajasthan,North,P103,Smartwatch,Electronics,Wearables,2,6500,0.15,11050.0,7830.89,3219.11,Credit Card,Delivered
ORD01109,2025-08-30,CUST138,Amit Rathod,Male,18,Kochi,Kerala,South,P111,Coffee Maker,Home & Living,Kitchen,3,4500,0.2,0.0,0.0,0.0,Credit Card,Cancelled
ORD01407,2025-08-30,CUST081,Varun Thakkar,Female,19,Chandigarh,Chandigarh,North,P102,Smartphone,Electronics,Mobile,1,18500,0.1,16650.0,10800.66,5849.34,Debit Card,Delivered
ORD00975,2025-08-31,CUST139,Rahul Verma,Female,60,Kochi,Kerala,South,P112,Backpack,Fashion,Bags,2,2200,0.0,4400.0,3251.06,1148.94,UPI,Delivered
ORD01300,2025-08-31,CUST190,Isha Trivedi,Male,37,Ahmedabad,Gujarat,West,P104,Bluetooth Speaker,Electronics,Audio,1,2800,0.1,2520.0,1658.79,861.21,Debit Card,Delivered
ORD00323,2025-09-01,CUST027,Pooja Verma,Male,25,Delhi,Delhi,North,P118,Green Tea,Grocery,Beverages,3,500,0.15,1275.0,1000.21,274.79,UPI,Delivered
ORD00899,2025-09-01,CUST029,Neha Mehta,Male,22,Hyderabad,Telangana,South,P103,Smartwatch,Electronics,Wearables,2,6500,0.05,12350.0,8786.58,3563.42,Credit Card,Delivered
ORD00955,2025-09-01,CUST114,Riya Sharma,Female,49,Kochi,Kerala,South,P104,Bluetooth Speaker,Electronics,Audio,2,2800,0.1,5040.0,3353.08,1686.92,Credit Card,Delivered
ORD01035,2025-09-01,CUST209,Riya Kapoor,Female,51,Chandigarh,Chandigarh,North,P101,Wireless Headphones,Electronics,Audio,2,3200,0.05,6080.0,3890.3,2189.7,UPI,Delivered
ORD01066,2025-09-01,CUST051,Pooja Thakkar,Male,50,Lucknow,Uttar Pradesh,North,P117,Dry Fruits,Grocery,Food,2,1100,0.1,1980.0,1462.86,517.14,UPI,Delivered
ORD01277,2025-09-01,CUST188,Arjun Kapoor,Female,45,Jaipur,Rajasthan,North,P101,Wireless Headphones,Electronics,Audio,3,3200,0.1,8640.0,6681.53,1958.47,UPI,Delivered
ORD00234,2025-09-02,CUST006,Priya Verma,Female,47,Bhubaneswar,Odisha,East,P115,Jeans,Fashion,Clothing,2,1900,0.15,3230.0,2292.27,937.73,Cash on Delivery,Delivered
ORD00419,2025-09-02,CUST027,Pooja Verma,Male,25,Bengaluru,Karnataka,South,P117,Dry Fruits,Grocery,Food,2,1100,0.0,2200.0,1574.85,625.15,UPI,Delivered
ORD01398,2025-09-02,CUST203,Amit Desai,Male,27,Hyderabad,Telangana,South,P109,Bookshelf,Furniture,Storage,2,6200,0.0,12400.0,9425.63,2974.37,Credit Card,Delivered
ORD00425,2025-09-03,CUST237,Sneha Shah,Female,52,Surat,Gujarat,West,P103,Smartwatch,Electronics,Wearables,2,6500,0.2,10400.0,8222.09,2177.91,UPI,Delivered
ORD00437,2025-09-03,CUST076,Pooja Mehta,Male,33,Patna,Bihar,East,P113,Running Shoes,Fashion,Footwear,2,3800,0.05,7220.0,5486.35,1733.65,UPI,Delivered
ORD00682,2025-09-03,CUST215,Kavya Rathod,Female,55,Lucknow,Uttar Pradesh,North,P102,Smartphone,Electronics,Mobile,1,18500,0.0,18500.0,12878.84,5621.16,Cash on Delivery,Delivered
ORD00789,2025-09-03,CUST102,Arjun Shah,Male,60,Bengaluru,Karnataka,South,P106,USB-C Charger,Electronics,Accessories,3,1200,0.1,3240.0,2788.34,451.66,UPI,Delivered
ORD00983,2025-09-03,CUST074,Rahul Thakkar,Female,22,Kochi,Kerala,South,P104,Bluetooth Speaker,Electronics,Audio,3,2800,0.05,7980.0,5856.25,2123.75,Cash on Delivery,Delivered
ORD01036,2025-09-03,CUST051,Pooja Thakkar,Male,50,Hyderabad,Telangana,South,P116,Organic Coffee,Grocery,Beverages,1,650,0.1,585.0,377.05,207.95,Credit Card,Delivered
ORD01376,2025-09-03,CUST174,Aditya Rathod,Female,58,Chandigarh,Chandigarh,North,P109,Bookshelf,Furniture,Storage,2,6200,0.15,10540.0,8580.81,1959.19,Credit Card,Delivered
ORD01389,2025-09-03,CUST078,Aditya Singh,Male,25,Vadodara,Gujarat,West,P109,Bookshelf,Furniture,Storage,2,6200,0.05,11780.0,7781.28,3998.72,Credit Card,Delivered
ORD01491,2025-09-03,CUST162,Neha Joshi,Male,60,Vadodara,Gujarat,West,P104,Bluetooth Speaker,Electronics,Audio,3,2800,0.2,0.0,0.0,0.0,Cash on Delivery,Cancelled
ORD00003,2025-09-04,CUST094,Pooja Desai,Female,46,Bhubaneswar,Odisha,East,P109,Bookshelf,Furniture,Storage,1,6200,0.0,6200.0,4460.23,1739.77,Cash on Delivery,Delivered
ORD00514,2025-09-04,CUST143,Vivek Kapoor,Female,51,Vadodara,Gujarat,West,P105,Laptop,Electronics,Computers,3,52000,0.15,132600.0,118120.52,14479.48,Net Banking,Delivered
ORD00605,2025-09-04,CUST049,Aditya Dave,Male,20,Chandigarh,Chandigarh,North,P108,Study Table,Furniture,Tables,3,7200,0.1,19440.0,15769.43,3670.57,UPI,Delivered
ORD00881,2025-09-04,CUST161,Riya Thakkar,Male,22,Kochi,Kerala,South,P111,Coffee Maker,Home & Living,Kitchen,1,4500,0.1,4050.0,3485.36,564.64,Debit Card,Delivered
ORD01285,2025-09-04,CUST112,Meera Rami,Male,54,Chennai,Tamil Nadu,South,P112,Backpack,Fashion,Bags,4,2200,0.1,7920.0,6241.67,1678.33,Credit Card,Delivered
ORD00190,2025-09-05,CUST113,Rahul Verma,Male,22,Hyderabad,Telangana,South,P102,Smartphone,Electronics,Mobile,2,18500,0.15,31450.0,25446.39,6003.61,Credit Card,Delivered
ORD00202,2025-09-05,CUST162,Neha Joshi,Male,60,Surat,Gujarat,West,P103,Smartwatch,Electronics,Wearables,1,6500,0.0,6500.0,4882.46,1617.54,UPI,Delivered
ORD00279,2025-09-05,CUST114,Riya Sharma,Female,49,Pune,Maharashtra,West,P109,Bookshelf,Furniture,Storage,1,6200,0.2,4960.0,4252.78,707.22,UPI,Delivered
ORD00903,2025-09-05,CUST225,Sahil Singh,Male,40,Surat,Gujarat,West,P101,Wireless Headphones,Electronics,Audio,5,3200,0.1,14400.0,11863.93,2536.07,UPI,Delivered
ORD01142,2025-09-05,CUST027,Pooja Verma,Male,25,Bhubaneswar,Odisha,East,P108,Study Table,Furniture,Tables,3,7200,0.0,21600.0,13618.43,7981.57,Debit Card,Delivered
ORD01322,2025-09-05,CUST071,Varun Joshi,Male,47,Kochi,Kerala,South,P110,Bedsheet Set,Home & Living,Bedding,1,1800,0.05,1710.0,1210.24,499.76,UPI,Delivered
ORD00666,2025-09-06,CUST207,Rahul Shah,Female,49,Kochi,Kerala,South,P115,Jeans,Fashion,Clothing,2,1900,0.15,0.0,0.0,0.0,Cash on Delivery,Cancelled
ORD01154,2025-09-06,CUST248,Aditya Trivedi,Female,27,Delhi,Delhi,North,P107,Office Chair,Furniture,Chairs,3,8500,0.1,22950.0,15448.09,7501.91,Credit Card,Delivered
ORD01286,2025-09-06,CUST074,Rahul Thakkar,Female,22,Vadodara,Gujarat,West,P109,Bookshelf,Furniture,Storage,3,6200,0.1,16740.0,12617.54,4122.46,UPI,Delivered
ORD01297,2025-09-06,CUST090,Meera Shah,Male,36,Ahmedabad,Gujarat,West,P116,Organic Coffee,Grocery,Beverages,2,650,0.1,1170.0,954.07,215.93,UPI,Delivered
ORD00950,2025-09-07,CUST105,Nisha Rathod,Female,24,Chennai,Tamil Nadu,South,P103,Smartwatch,Electronics,Wearables,3,6500,0.0,19500.0,13962.93,5537.07,Net Banking,Delivered
ORD01149,2025-09-07,CUST187,Arjun Kapoor,Female,53,Patna,Bihar,East,P108,Study Table,Furniture,Tables,3,7200,0.1,19440.0,16114.68,3325.32,Credit Card,Delivered
ORD01441,2025-09-07,CUST131,Amit Sharma,Female,48,Chennai,Tamil Nadu,South,P103,Smartwatch,Electronics,Wearables,3,6500,0.15,16575.0,13961.36,2613.64,Net Banking,Delivered
ORD00431,2025-09-08,CUST150,Amit Rathod,Male,30,Kochi,Kerala,South,P111,Coffee Maker,Home & Living,Kitchen,3,4500,0.2,10800.0,8346.06,2453.94,Credit Card,Delivered
ORD00462,2025-09-08,CUST190,Isha Trivedi,Male,37,Jaipur,Rajasthan,North,P108,Study Table,Furniture,Tables,3,7200,0.15,18360.0,14917.44,3442.56,Net Banking,Delivered
ORD00537,2025-09-08,CUST022,Sahil Pandya,Female,31,Surat,Gujarat,West,P106,USB-C Charger,Electronics,Accessories,1,1200,0.1,1080.0,918.91,161.09,Credit Card,Delivered
ORD01048,2025-09-08,CUST045,Vivek Dave,Female,23,Bhubaneswar,Odisha,East,P113,Running Shoes,Fashion,Footwear,4,3800,0.0,15200.0,9931.09,5268.91,Credit Card,Delivered
ORD01168,2025-09-08,CUST149,Varun Shah,Male,49,Chandigarh,Chandigarh,North,P105,Laptop,Electronics,Computers,3,52000,0.1,140400.0,119465.45,20934.55,Credit Card,Delivered
ORD00330,2025-09-09,CUST168,Kavya Mehta,Female,18,Mumbai,Maharashtra,West,P118,Green Tea,Grocery,Beverages,1,500,0.1,450.0,331.94,118.06,Credit Card,Delivered
ORD00643,2025-09-09,CUST214,Priya Singh,Male,56,Mumbai,Maharashtra,West,P115,Jeans,Fashion,Clothing,1,1900,0.1,1710.0,1392.61,317.39,UPI,Delivered
ORD01242,2025-09-09,CUST145,Varun Dave,Male,46,Pune,Maharashtra,West,P118,Green Tea,Grocery,Beverages,1,500,0.1,450.0,360.28,89.72,Credit Card,Delivered
ORD00364,2025-09-10,CUST095,Isha Thakkar,Male,48,Hyderabad,Telangana,South,P116,Organic Coffee,Grocery,Beverages,2,650,0.2,1040.0,985.84,54.16,Net Banking,Delivered
ORD00529,2025-09-10,CUST014,Karan Patel,Female,26,Hyderabad,Telangana,South,P116,Organic Coffee,Grocery,Beverages,4,650,0.0,2600.0,1666.21,933.79,UPI,Delivered
ORD00989,2025-09-10,CUST086,Sahil Rathod,Male,39,Pune,Maharashtra,West,P104,Bluetooth Speaker,Electronics,Audio,5,2800,0.1,12600.0,8926.06,3673.94,UPI,Delivered
ORD01118,2025-09-10,CUST108,Rohan Mehta,Male,32,Hyderabad,Telangana,South,P102,Smartphone,Electronics,Mobile,2,18500,0.1,0.0,0.0,0.0,Credit Card,Cancelled
ORD01397,2025-09-10,CUST211,Rahul Rami,Female,22,Patna,Bihar,East,P113,Running Shoes,Fashion,Footwear,2,3800,0.2,6080.0,4937.07,1142.93,UPI,Delivered
ORD01401,2025-09-10,CUST199,Pooja Mehta,Male,18,Kochi,Kerala,South,P113,Running Shoes,Fashion,Footwear,2,3800,0.1,6840.0,5649.45,1190.55,Debit Card,Delivered
ORD00141,2025-09-11,CUST191,Nisha Rathod,Female,46,Delhi,Delhi,North,P111,Coffee Maker,Home & Living,Kitchen,3,4500,0.05,12825.0,8873.44,3951.56,Credit Card,Delivered
ORD00571,2025-09-11,CUST079,Sneha Rami,Female,37,Bengaluru,Karnataka,South,P117,Dry Fruits,Grocery,Food,1,1100,0.1,990.0,826.53,163.47,Cash on Delivery,Delivered
ORD00592,2025-09-11,CUST204,Vivek Mehta,Male,38,Kochi,Kerala,South,P108,Study Table,Furniture,Tables,3,7200,0.05,20520.0,16328.9,4191.1,Debit Card,Delivered
ORD01068,2025-09-11,CUST220,Simran Shah,Male,46,Vadodara,Gujarat,West,P114,T-Shirt,Fashion,Clothing,2,900,0.1,1620.0,1055.08,564.92,Debit Card,Delivered
ORD01299,2025-09-11,CUST144,Simran Trivedi,Male,21,Pune,Maharashtra,West,P103,Smartwatch,Electronics,Wearables,2,6500,0.1,11700.0,9482.65,2217.35,Credit Card,Delivered
ORD01416,2025-09-11,CUST216,Varun Patel,Female,47,Bengaluru,Karnataka,South,P104,Bluetooth Speaker,Electronics,Audio,5,2800,0.05,13300.0,8150.7,5149.3,UPI,Delivered
ORD00031,2025-09-12,CUST065,Sahil Dave,Male,37,Lucknow,Uttar Pradesh,North,P103,Smartwatch,Electronics,Wearables,1,6500,0.0,6500.0,4809.89,1690.11,UPI,Delivered
ORD00602,2025-09-12,CUST206,Simran Dave,Male,21,Mumbai,Maharashtra,West,P109,Bookshelf,Furniture,Storage,2,6200,0.1,11160.0,7758.26,3401.74,UPI,Delivered
ORD00686,2025-09-12,CUST022,Sahil Pandya,Female,31,Pune,Maharashtra,West,P118,Green Tea,Grocery,Beverages,1,500,0.1,450.0,378.2,71.8,Cash on Delivery,Delivered
ORD00965,2025-09-12,CUST038,Meera Kapoor,Female,30,Vadodara,Gujarat,West,P106,USB-C Charger,Electronics,Accessories,4,1200,0.15,4080.0,3743.75,336.25,UPI,Delivered
ORD01045,2025-09-12,CUST080,Neha Thakkar,Male,52,Lucknow,Uttar Pradesh,North,P104,Bluetooth Speaker,Electronics,Audio,2,2800,0.15,4760.0,3326.25,1433.75,Debit Card,Delivered
ORD01140,2025-09-12,CUST004,Anjali Singh,Female,53,Patna,Bihar,East,P110,Bedsheet Set,Home & Living,Bedding,2,1800,0.1,3240.0,2483.17,756.83,Credit Card,Delivered
ORD01458,2025-09-12,CUST113,Rahul Verma,Male,22,Jaipur,Rajasthan,North,P110,Bedsheet Set,Home & Living,Bedding,3,1800,0.05,5130.0,3544.68,1585.32,Credit Card,Delivered
ORD00155,2025-09-13,CUST220,Simran Shah,Male,46,Ahmedabad,Gujarat,West,P108,Study Table,Furniture,Tables,2,7200,0.2,11520.0,10273.97,1246.03,UPI,Delivered
ORD00264,2025-09-13,CUST047,Anjali Kapoor,Male,45,Kochi,Kerala,South,P118,Green Tea,Grocery,Beverages,2,500,0.05,950.0,590.47,359.53,Debit Card,Delivered
ORD01017,2025-09-13,CUST116,Arjun Sharma,Female,30,Lucknow,Uttar Pradesh,North,P110,Bedsheet Set,Home & Living,Bedding,3,1800,0.15,4590.0,3507.87,1082.13,Net Banking,Delivered
ORD01025,2025-09-13,CUST090,Meera Shah,Male,36,Mumbai,Maharashtra,West,P108,Study Table,Furniture,Tables,1,7200,0.1,6480.0,4720.71,1759.29,Credit Card,Delivered
ORD00360,2025-09-14,CUST204,Vivek Mehta,Male,38,Ahmedabad,Gujarat,West,P108,Study Table,Furniture,Tables,2,7200,0.05,13680.0,9547.89,4132.11,Net Banking,Delivered
ORD00910,2025-09-15,CUST229,Varun Dave,Female,36,Lucknow,Uttar Pradesh,North,P101,Wireless Headphones,Electronics,Audio,3,3200,0.05,9120.0,7004.94,2115.06,Cash on Delivery,Delivered
ORD01357,2025-09-15,CUST008,Rahul Rathod,Female,39,Chandigarh,Chandigarh,North,P107,Office Chair,Furniture,Chairs,4,8500,0.0,34000.0,19895.49,14104.51,UPI,Delivered
ORD00007,2025-09-16,CUST100,Meera Rami,Male,19,Bengaluru,Karnataka,South,P111,Coffee Maker,Home & Living,Kitchen,1,4500,0.05,4275.0,2730.97,-540.41,UPI,Returned
ORD00664,2025-09-16,CUST222,Vivek Shah,Female,37,Lucknow,Uttar Pradesh,North,P115,Jeans,Fashion,Clothing,3,1900,0.0,5700.0,3574.34,2125.66,Credit Card,Delivered
ORD00893,2025-09-16,CUST235,Meera Verma,Female,60,Mumbai,Maharashtra,West,P104,Bluetooth Speaker,Electronics,Audio,5,2800,0.0,14000.0,9791.93,4208.07,Credit Card,Delivered
ORD01186,2025-09-16,CUST202,Kavya Mehta,Male,40,Vadodara,Gujarat,West,P105,Laptop,Electronics,Computers,4,52000,0.1,187200.0,154047.14,33152.86,Net Banking,Delivered
ORD01495,2025-09-16,CUST008,Rahul Rathod,Female,39,Delhi,Delhi,North,P106,USB-C Charger,Electronics,Accessories,1,1200,0.1,1080.0,923.23,156.77,UPI,Delivered
ORD00196,2025-09-17,CUST158,Rohan Trivedi,Female,38,Bengaluru,Karnataka,South,P102,Smartphone,Electronics,Mobile,5,18500,0.2,74000.0,65788.48,8211.52,UPI,Delivered
ORD00233,2025-09-17,CUST067,Simran Sharma,Female,24,Bhubaneswar,Odisha,East,P113,Running Shoes,Fashion,Footwear,1,3800,0.05,3610.0,2907.48,702.52,Credit Card,Delivered
ORD00331,2025-09-17,CUST186,Arjun Rami,Female,41,Lucknow,Uttar Pradesh,North,P113,Running Shoes,Fashion,Footwear,2,3800,0.05,7220.0,5121.68,2098.32,UPI,Delivered
ORD00371,2025-09-17,CUST065,Sahil Dave,Male,37,Kochi,Kerala,South,P107,Office Chair,Furniture,Chairs,2,8500,0.05,16150.0,10003.96,6146.04,Credit Card,Delivered
ORD00154,2025-09-18,CUST051,Pooja Thakkar,Male,50,Bhubaneswar,Odisha,East,P105,Laptop,Electronics,Computers,3,52000,0.1,140400.0,98749.45,41650.55,UPI,Delivered
ORD00654,2025-09-18,CUST236,Sahil Dave,Male,43,Kolkata,West Bengal,East,P108,Study Table,Furniture,Tables,1,7200,0.1,6480.0,4233.31,2246.69,Credit Card,Delivered
ORD01339,2025-09-18,CUST182,Isha Thakkar,Male,48,Jaipur,Rajasthan,North,P114,T-Shirt,Fashion,Clothing,1,900,0.05,0.0,0.0,0.0,UPI,Cancelled
ORD00579,2025-09-19,CUST081,Varun Thakkar,Female,19,Kolkata,West Bengal,East,P102,Smartphone,Electronics,Mobile,2,18500,0.1,33300.0,26073.01,7226.99,Debit Card,Delivered
ORD01216,2025-09-19,CUST229,Varun Dave,Female,36,Pune,Maharashtra,West,P101,Wireless Headphones,Electronics,Audio,3,3200,0.1,8640.0,5577.65,3062.35,Credit Card,Delivered
ORD01336,2025-09-19,CUST204,Vivek Mehta,Male,38,Vadodara,Gujarat,West,P116,Organic Coffee,Grocery,Beverages,3,650,0.15,1657.5,1195.02,462.48,Credit Card,Delivered
ORD00143,2025-09-20,CUST073,Sahil Trivedi,Female,19,Patna,Bihar,East,P114,T-Shirt,Fashion,Clothing,3,900,0.0,2700.0,1841.09,858.91,Cash on Delivery,Delivered
ORD00193,2025-09-20,CUST198,Isha Dave,Male,51,Patna,Bihar,East,P102,Smartphone,Electronics,Mobile,3,18500,0.05,52725.0,42148.77,10576.23,UPI,Delivered
ORD00471,2025-09-20,CUST232,Rohan Kapoor,Female,51,Chandigarh,Chandigarh,North,P115,Jeans,Fashion,Clothing,3,1900,0.1,5130.0,3522.53,1607.47,Debit Card,Delivered
ORD01000,2025-09-20,CUST058,Amit Shah,Male,36,Bengaluru,Karnataka,South,P102,Smartphone,Electronics,Mobile,2,18500,0.05,35150.0,22705.13,-4355.7,Credit Card,Returned
ORD01096,2025-09-20,CUST093,Karan Desai,Female,52,Jaipur,Rajasthan,North,P102,Smartphone,Electronics,Mobile,3,18500,0.15,47175.0,32485.29,14689.71,Credit Card,Delivered
ORD00656,2025-09-21,CUST102,Arjun Shah,Male,60,Chennai,Tamil Nadu,South,P111,Coffee Maker,Home & Living,Kitchen,2,4500,0.1,8100.0,5821.02,2278.98,UPI,Delivered
ORD01022,2025-09-22,CUST019,Vivek Sharma,Female,46,Vadodara,Gujarat,West,P104,Bluetooth Speaker,Electronics,Audio,1,2800,0.1,2520.0,1824.38,695.62,UPI,Delivered
ORD01108,2025-09-22,CUST194,Meera Trivedi,Female,27,Kochi,Kerala,South,P112,Backpack,Fashion,Bags,1,2200,0.05,2090.0,1527.38,562.62,Cash on Delivery,Delivered
ORD01165,2025-09-22,CUST007,Kavya Patel,Female,38,Vadodara,Gujarat,West,P101,Wireless Headphones,Electronics,Audio,2,3200,0.1,5760.0,4570.87,1189.13,UPI,Delivered
ORD01344,2025-09-22,CUST242,Neha Pandya,Male,60,Chennai,Tamil Nadu,South,P116,Organic Coffee,Grocery,Beverages,2,650,0.15,1105.0,923.23,181.77,Credit Card,Delivered
ORD00316,2025-09-23,CUST071,Varun Joshi,Male,47,Bhubaneswar,Odisha,East,P103,Smartwatch,Electronics,Wearables,2,6500,0.1,11700.0,9179.82,2520.18,Credit Card,Delivered
ORD00854,2025-09-23,CUST135,Isha Rathod,Female,49,Kolkata,West Bengal,East,P109,Bookshelf,Furniture,Storage,2,6200,0.2,9920.0,8987.49,932.51,UPI,Delivered
ORD00963,2025-09-23,CUST208,Priya Rathod,Male,25,Chandigarh,Chandigarh,North,P116,Organic Coffee,Grocery,Beverages,3,650,0.05,0.0,0.0,0.0,Cash on Delivery,Cancelled
ORD01435,2025-09-23,CUST049,Aditya Dave,Male,20,Ahmedabad,Gujarat,West,P112,Backpack,Fashion,Bags,1,2200,0.15,1870.0,1331.49,538.51,Credit Card,Delivered
ORD01484,2025-09-23,CUST203,Amit Desai,Male,27,Chandigarh,Chandigarh,North,P111,Coffee Maker,Home & Living,Kitchen,2,4500,0.0,9000.0,5943.62,-1069.73,Cash on Delivery,Returned
ORD00970,2025-09-24,CUST214,Priya Singh,Male,56,Pune,Maharashtra,West,P112,Backpack,Fashion,Bags,2,2200,0.0,4400.0,2792.38,1607.62,UPI,Delivered
ORD00997,2025-09-24,CUST205,Karan Trivedi,Female,18,Bengaluru,Karnataka,South,P116,Organic Coffee,Grocery,Beverages,3,650,0.0,1950.0,1494.05,455.95,UPI,Delivered
ORD01236,2025-09-24,CUST209,Riya Kapoor,Female,51,Chandigarh,Chandigarh,North,P114,T-Shirt,Fashion,Clothing,3,900,0.05,0.0,0.0,0.0,Credit Card,Cancelled
ORD00157,2025-09-26,CUST091,Sneha Mehta,Female,34,Chandigarh,Chandigarh,North,P102,Smartphone,Electronics,Mobile,2,18500,0.1,33300.0,27467.1,5832.9,Debit Card,Delivered
ORD00690,2025-09-26,CUST133,Rahul Verma,Male,21,Delhi,Delhi,North,P115,Jeans,Fashion,Clothing,1,1900,0.1,1710.0,1122.1,587.9,Debit Card,Delivered
ORD00969,2025-09-26,CUST032,Priya Shah,Female,40,Mumbai,Maharashtra,West,P110,Bedsheet Set,Home & Living,Bedding,3,1800,0.1,4860.0,3987.57,872.43,Net Banking,Delivered
ORD01104,2025-09-26,CUST083,Rahul Sharma,Male,31,Ahmedabad,Gujarat,West,P101,Wireless Headphones,Electronics,Audio,1,3200,0.1,2880.0,2250.76,629.24,Credit Card,Delivered
ORD01488,2025-09-26,CUST160,Riya Dave,Male,59,Chandigarh,Chandigarh,North,P107,Office Chair,Furniture,Chairs,2,8500,0.0,17000.0,12553.56,4446.44,Credit Card,Delivered
ORD00307,2025-09-27,CUST232,Rohan Kapoor,Female,51,Chennai,Tamil Nadu,South,P101,Wireless Headphones,Electronics,Audio,3,3200,0.0,9600.0,6641.24,2958.76,Credit Card,Delivered
ORD00848,2025-09-27,CUST175,Riya Shah,Male,30,Patna,Bihar,East,P116,Organic Coffee,Grocery,Beverages,3,650,0.1,1755.0,1262.75,492.25,Credit Card,Delivered
ORD00871,2025-09-27,CUST187,Arjun Kapoor,Female,53,Hyderabad,Telangana,South,P103,Smartwatch,Electronics,Wearables,3,6500,0.05,18525.0,14505.77,4019.23,Cash on Delivery,Delivered
ORD00295,2025-09-28,CUST156,Karan Pandya,Female,36,Chennai,Tamil Nadu,South,P104,Bluetooth Speaker,Electronics,Audio,3,2800,0.1,7560.0,5031.69,2528.31,Net Banking,Delivered
ORD00623,2025-09-28,CUST129,Riya Sharma,Male,47,Hyderabad,Telangana,South,P109,Bookshelf,Furniture,Storage,1,6200,0.05,5890.0,4233.19,1656.81,Net Banking,Delivered
ORD01283,2025-09-28,CUST097,Rahul Mehta,Female,35,Delhi,Delhi,North,P109,Bookshelf,Furniture,Storage,1,6200,0.1,5580.0,4380.92,1199.08,UPI,Delivered
ORD01355,2025-09-28,CUST050,Riya Rami,Female,44,Patna,Bihar,East,P114,T-Shirt,Fashion,Clothing,3,900,0.1,2430.0,1741.41,688.59,UPI,Delivered
ORD01364,2025-09-28,CUST091,Sneha Mehta,Female,34,Chandigarh,Chandigarh,North,P109,Bookshelf,Furniture,Storage,2,6200,0.15,10540.0,8083.42,2456.58,Cash on Delivery,Delivered
ORD01428,2025-09-28,CUST013,Pooja Joshi,Female,21,Patna,Bihar,East,P117,Dry Fruits,Grocery,Food,2,1100,0.05,2090.0,1307.24,782.76,Credit Card,Delivered
ORD00534,2025-09-29,CUST093,Karan Desai,Female,52,Mumbai,Maharashtra,West,P103,Smartwatch,Electronics,Wearables,3,6500,0.1,17550.0,11845.71,5704.29,UPI,Delivered
ORD00783,2025-09-29,CUST046,Rohan Rathod,Female,47,Kochi,Kerala,South,P114,T-Shirt,Fashion,Clothing,1,900,0.05,855.0,688.6,166.4,Credit Card,Delivered
ORD00802,2025-09-29,CUST239,Karan Kapoor,Female,40,Jaipur,Rajasthan,North,P116,Organic Coffee,Grocery,Beverages,3,650,0.0,1950.0,1453.76,496.24,Credit Card,Delivered
ORD00992,2025-09-29,CUST164,Pooja Kapoor,Female,34,Delhi,Delhi,North,P111,Coffee Maker,Home & Living,Kitchen,2,4500,0.1,0.0,0.0,0.0,Debit Card,Cancelled
ORD00081,2025-09-30,CUST153,Nisha Singh,Male,53,Chennai,Tamil Nadu,South,P114,T-Shirt,Fashion,Clothing,3,900,0.05,2565.0,1867.54,697.46,UPI,Delivered
ORD00239,2025-09-30,CUST098,Vivek Pandya,Female,20,Bhubaneswar,Odisha,East,P104,Bluetooth Speaker,Electronics,Audio,3,2800,0.05,7980.0,5419.38,2560.62,Net Banking,Delivered
ORD00393,2025-09-30,CUST164,Pooja Kapoor,Female,34,Ahmedabad,Gujarat,West,P101,Wireless Headphones,Electronics,Audio,2,3200,0.05,6080.0,4926.08,1153.92,Cash on Delivery,Delivered
ORD00996,2025-09-30,CUST031,Riya Trivedi,Female,29,Patna,Bihar,East,P106,USB-C Charger,Electronics,Accessories,3,1200,0.0,3600.0,2254.13,1345.87,Credit Card,Delivered
ORD01483,2025-09-30,CUST227,Arjun Sharma,Female,21,Kochi,Kerala,South,P109,Bookshelf,Furniture,Storage,2,6200,0.1,11160.0,8383.94,2776.06,Credit Card,Delivered
ORD00235,2025-10-01,CUST087,Karan Thakkar,Female,55,Delhi,Delhi,North,P104,Bluetooth Speaker,Electronics,Audio,3,2800,0.2,6720.0,5356.52,1363.48,Cash on Delivery,Delivered
ORD00290,2025-10-01,CUST090,Meera Shah,Male,36,Chennai,Tamil Nadu,South,P117,Dry Fruits,Grocery,Food,5,1100,0.05,5225.0,3821.23,1403.77,Credit Card,Delivered
ORD00725,2025-10-01,CUST157,Meera Desai,Male,52,Bhubaneswar,Odisha,East,P105,Laptop,Electronics,Computers,1,52000,0.1,0.0,0.0,0.0,Debit Card,Cancelled
ORD00732,2025-10-01,CUST203,Amit Desai,Male,27,Delhi,Delhi,North,P101,Wireless Headphones,Electronics,Audio,3,3200,0.05,9120.0,5707.24,3412.76,Debit Card,Delivered
ORD00917,2025-10-01,CUST183,Rahul Desai,Female,20,Pune,Maharashtra,West,P116,Organic Coffee,Grocery,Beverages,5,650,0.15,2762.5,2411.78,350.72,Credit Card,Delivered
ORD00987,2025-10-01,CUST144,Simran Trivedi,Male,21,Delhi,Delhi,North,P116,Organic Coffee,Grocery,Beverages,5,650,0.1,2925.0,2525.22,399.78,UPI,Delivered
ORD01082,2025-10-01,CUST005,Arjun Verma,Male,39,Vadodara,Gujarat,West,P110,Bedsheet Set,Home & Living,Bedding,5,1800,0.1,8100.0,5330.34,2769.66,Credit Card,Delivered
ORD01391,2025-10-01,CUST005,Arjun Verma,Male,39,Surat,Gujarat,West,P115,Jeans,Fashion,Clothing,2,1900,0.05,3610.0,2664.91,945.09,Debit Card,Delivered
ORD00207,2025-10-02,CUST110,Simran Trivedi,Female,39,Vadodara,Gujarat,West,P103,Smartwatch,Electronics,Wearables,3,6500,0.0,19500.0,15064.96,4435.04,Debit Card,Delivered
ORD00470,2025-10-02,CUST011,Meera Thakkar,Female,20,Delhi,Delhi,North,P102,Smartphone,Electronics,Mobile,3,18500,0.05,52725.0,35606.26,17118.74,Debit Card,Delivered
ORD00770,2025-10-02,CUST182,Isha Thakkar,Male,48,Patna,Bihar,East,P108,Study Table,Furniture,Tables,3,7200,0.05,20520.0,14281.11,6238.89,Cash on Delivery,Delivered
ORD00889,2025-10-02,CUST216,Varun Patel,Female,47,Vadodara,Gujarat,West,P113,Running Shoes,Fashion,Footwear,3,3800,0.1,10260.0,7756.2,2503.8,Debit Card,Delivered
ORD01057,2025-10-02,CUST109,Priya Patel,Female,40,Surat,Gujarat,West,P103,Smartwatch,Electronics,Wearables,1,6500,0.1,5850.0,4490.42,1359.58,Credit Card,Delivered
ORD01123,2025-10-02,CUST037,Riya Singh,Male,32,Surat,Gujarat,West,P109,Bookshelf,Furniture,Storage,2,6200,0.05,11780.0,8423.44,3356.56,UPI,Delivered
ORD01199,2025-10-02,CUST192,Nisha Thakkar,Male,23,Chennai,Tamil Nadu,South,P105,Laptop,Electronics,Computers,3,52000,0.1,140400.0,91052.7,49347.3,UPI,Delivered
ORD01352,2025-10-02,CUST074,Rahul Thakkar,Female,22,Kochi,Kerala,South,P118,Green Tea,Grocery,Beverages,4,500,0.15,1700.0,1427.19,272.81,Credit Card,Delivered
ORD00518,2025-10-03,CUST223,Amit Patel,Female,19,Lucknow,Uttar Pradesh,North,P118,Green Tea,Grocery,Beverages,2,500,0.0,1000.0,714.34,285.66,Debit Card,Delivered
ORD00765,2025-10-03,CUST182,Isha Thakkar,Male,48,Chennai,Tamil Nadu,South,P108,Study Table,Furniture,Tables,1,7200,0.1,6480.0,4952.44,1527.56,Cash on Delivery,Delivered
ORD01192,2025-10-03,CUST081,Varun Thakkar,Female,19,Mumbai,Maharashtra,West,P114,T-Shirt,Fashion,Clothing,1,900,0.2,720.0,605.22,114.78,Credit Card,Delivered
ORD01241,2025-10-03,CUST179,Sahil Rami,Male,28,Pune,Maharashtra,West,P105,Laptop,Electronics,Computers,2,52000,0.1,93600.0,69630.58,23969.42,Debit Card,Delivered
ORD00772,2025-10-04,CUST129,Riya Sharma,Male,47,Ahmedabad,Gujarat,West,P104,Bluetooth Speaker,Electronics,Audio,1,2800,0.05,2660.0,1638.47,1021.53,UPI,Delivered
ORD00236,2025-10-05,CUST109,Priya Patel,Female,40,Kochi,Kerala,South,P116,Organic Coffee,Grocery,Beverages,2,650,0.0,1300.0,897.96,402.04,Credit Card,Delivered
ORD00477,2025-10-05,CUST217,Meera Singh,Male,51,Kolkata,West Bengal,East,P107,Office Chair,Furniture,Chairs,1,8500,0.0,8500.0,5236.88,3263.12,UPI,Delivered
ORD00493,2025-10-05,CUST102,Arjun Shah,Male,60,Surat,Gujarat,West,P109,Bookshelf,Furniture,Storage,2,6200,0.1,11160.0,7305.05,3854.95,Cash on Delivery,Delivered
ORD00795,2025-10-05,CUST148,Neha Shah,Male,53,Bengaluru,Karnataka,South,P104,Bluetooth Speaker,Electronics,Audio,2,2800,0.1,5040.0,3560.64,1479.36,Debit Card,Delivered
ORD01188,2025-10-06,CUST221,Sneha Kapoor,Female,34,Pune,Maharashtra,West,P105,Laptop,Electronics,Computers,2,52000,0.2,0.0,0.0,0.0,Debit Card,Cancelled
ORD01432,2025-10-06,CUST233,Isha Thakkar,Female,44,Bhubaneswar,Odisha,East,P107,Office Chair,Furniture,Chairs,1,8500,0.1,7650.0,6383.19,1266.81,Credit Card,Delivered
ORD01472,2025-10-06,CUST228,Neha Mehta,Male,46,Vadodara,Gujarat,West,P106,USB-C Charger,Electronics,Accessories,4,1200,0.0,4800.0,2939.21,1860.79,UPI,Delivered
ORD00036,2025-10-07,CUST244,Kavya Mehta,Male,32,Kolkata,West Bengal,East,P112,Backpack,Fashion,Bags,1,2200,0.1,1980.0,1709.56,270.44,Credit Card,Delivered
ORD00773,2025-10-07,CUST094,Pooja Desai,Female,46,Jaipur,Rajasthan,North,P101,Wireless Headphones,Electronics,Audio,1,3200,0.0,3200.0,2372.88,827.12,Debit Card,Delivered
ORD00197,2025-10-08,CUST131,Amit Sharma,Female,48,Ahmedabad,Gujarat,West,P104,Bluetooth Speaker,Electronics,Audio,3,2800,0.05,7980.0,5508.77,2471.23,Cash on Delivery,Delivered
ORD00206,2025-10-08,CUST078,Aditya Singh,Male,25,Bhubaneswar,Odisha,East,P117,Dry Fruits,Grocery,Food,2,1100,0.0,2200.0,1701.15,498.85,UPI,Delivered
ORD00846,2025-10-08,CUST014,Karan Patel,Female,26,Ahmedabad,Gujarat,West,P117,Dry Fruits,Grocery,Food,2,1100,0.15,1870.0,1409.18,460.82,Credit Card,Delivered
ORD01278,2025-10-08,CUST111,Isha Sharma,Female,23,Patna,Bihar,East,P115,Jeans,Fashion,Clothing,2,1900,0.05,3610.0,2470.36,1139.64,Net Banking,Delivered
ORD01354,2025-10-08,CUST013,Pooja Joshi,Female,21,Chennai,Tamil Nadu,South,P108,Study Table,Furniture,Tables,4,7200,0.15,24480.0,17145.95,7334.05,UPI,Delivered
ORD00049,2025-10-09,CUST016,Rohan Dave,Female,52,Jaipur,Rajasthan,North,P117,Dry Fruits,Grocery,Food,2,1100,0.15,1870.0,1290.94,579.06,Debit Card,Delivered
ORD00345,2025-10-09,CUST029,Neha Mehta,Male,22,Pune,Maharashtra,West,P111,Coffee Maker,Home & Living,Kitchen,2,4500,0.0,9000.0,6522.2,2477.8,Credit Card,Delivered
ORD00700,2025-10-09,CUST066,Sneha Mehta,Female,20,Delhi,Delhi,North,P108,Study Table,Furniture,Tables,5,7200,0.1,32400.0,26222.56,6177.44,UPI,Delivered
ORD00735,2025-10-09,CUST103,Sahil Joshi,Male,59,Hyderabad,Telangana,South,P115,Jeans,Fashion,Clothing,1,1900,0.1,1710.0,1370.75,339.25,UPI,Delivered
ORD01228,2025-10-09,CUST154,Rohan Dave,Male,36,Vadodara,Gujarat,West,P115,Jeans,Fashion,Clothing,2,1900,0.0,3800.0,2469.6,1330.4,Debit Card,Delivered
ORD00162,2025-10-10,CUST210,Neha Singh,Female,29,Surat,Gujarat,West,P115,Jeans,Fashion,Clothing,5,1900,0.1,8550.0,5796.28,2753.72,UPI,Delivered
ORD00271,2025-10-10,CUST092,Rohan Rathod,Female,46,Kolkata,West Bengal,East,P112,Backpack,Fashion,Bags,2,2200,0.0,4400.0,2888.67,1511.33,Credit Card,Delivered
ORD00538,2025-10-10,CUST004,Anjali Singh,Female,53,Bengaluru,Karnataka,South,P118,Green Tea,Grocery,Beverages,2,500,0.1,900.0,723.74,176.26,UPI,Delivered
ORD00731,2025-10-10,CUST070,Anjali Rathod,Male,42,Vadodara,Gujarat,West,P106,USB-C Charger,Electronics,Accessories,1,1200,0.1,0.0,0.0,0.0,Net Banking,Cancelled
ORD01406,2025-10-10,CUST016,Rohan Dave,Female,52,Chandigarh,Chandigarh,North,P110,Bedsheet Set,Home & Living,Bedding,4,1800,0.1,6480.0,5043.03,1436.97,Credit Card,Delivered
ORD00228,2025-10-11,CUST223,Amit Patel,Female,19,Lucknow,Uttar Pradesh,North,P106,USB-C Charger,Electronics,Accessories,2,1200,0.15,2040.0,1585.87,454.13,UPI,Delivered
ORD00240,2025-10-11,CUST231,Kavya Shah,Male,58,Pune,Maharashtra,West,P108,Study Table,Furniture,Tables,3,7200,0.1,19440.0,16445.99,2994.01,UPI,Delivered
ORD00321,2025-10-11,CUST098,Vivek Pandya,Female,20,Chennai,Tamil Nadu,South,P113,Running Shoes,Fashion,Footwear,3,3800,0.05,0.0,0.0,0.0,Credit Card,Cancelled
ORD00451,2025-10-11,CUST060,Kavya Joshi,Female,28,Delhi,Delhi,North,P106,USB-C Charger,Electronics,Accessories,3,1200,0.05,3420.0,2586.5,833.5,UPI,Delivered
ORD00524,2025-10-11,CUST152,Isha Thakkar,Female,42,Bhubaneswar,Odisha,East,P102,Smartphone,Electronics,Mobile,3,18500,0.15,47175.0,33714.03,13460.97,Cash on Delivery,Delivered
ORD01212,2025-10-11,CUST056,Isha Verma,Male,19,Hyderabad,Telangana,South,P107,Office Chair,Furniture,Chairs,1,8500,0.2,6800.0,5132.05,1667.95,UPI,Delivered
ORD01220,2025-10-11,CUST078,Aditya Singh,Male,25,Chandigarh,Chandigarh,North,P118,Green Tea,Grocery,Beverages,3,500,0.1,1350.0,1160.68,189.32,Credit Card,Delivered
ORD00034,2025-10-12,CUST112,Meera Rami,Male,54,Bengaluru,Karnataka,South,P104,Bluetooth Speaker,Electronics,Audio,2,2800,0.15,4760.0,4163.54,596.46,UPI,Delivered
ORD00284,2025-10-12,CUST134,Sahil Verma,Female,19,Mumbai,Maharashtra,West,P112,Backpack,Fashion,Bags,4,2200,0.15,7480.0,6793.84,-240.16,Credit Card,Returned
ORD00941,2025-10-12,CUST182,Isha Thakkar,Male,48,Bengaluru,Karnataka,South,P101,Wireless Headphones,Electronics,Audio,2,3200,0.05,6080.0,3744.95,2335.05,UPI,Delivered
ORD01424,2025-10-12,CUST248,Aditya Trivedi,Female,27,Vadodara,Gujarat,West,P115,Jeans,Fashion,Clothing,2,1900,0.05,3610.0,2601.01,1008.99,Credit Card,Delivered
ORD00028,2025-10-13,CUST029,Neha Mehta,Male,22,Ahmedabad,Gujarat,West,P113,Running Shoes,Fashion,Footwear,3,3800,0.1,10260.0,7282.42,2977.58,Debit Card,Delivered
ORD00395,2025-10-13,CUST246,Isha Joshi,Female,43,Surat,Gujarat,West,P117,Dry Fruits,Grocery,Food,5,1100,0.1,4950.0,3627.65,1322.35,Net Banking,Delivered
ORD00475,2025-10-13,CUST014,Karan Patel,Female,26,Chennai,Tamil Nadu,South,P103,Smartwatch,Electronics,Wearables,2,6500,0.0,13000.0,7836.76,5163.24,Cash on Delivery,Delivered
ORD01041,2025-10-13,CUST097,Rahul Mehta,Female,35,Chandigarh,Chandigarh,North,P105,Laptop,Electronics,Computers,3,52000,0.1,140400.0,100942.27,39457.73,Net Banking,Delivered
ORD01175,2025-10-13,CUST219,Meera Rathod,Female,59,Surat,Gujarat,West,P118,Green Tea,Grocery,Beverages,4,500,0.05,1900.0,1417.01,482.99,UPI,Delivered
ORD00140,2025-10-15,CUST173,Neha Dave,Male,45,Patna,Bihar,East,P112,Backpack,Fashion,Bags,1,2200,0.1,1980.0,1688.04,291.96,Net Banking,Delivered
ORD00159,2025-10-15,CUST244,Kavya Mehta,Male,32,Chennai,Tamil Nadu,South,P112,Backpack,Fashion,Bags,2,2200,0.0,4400.0,3425.33,974.67,Debit Card,Delivered
ORD00744,2025-10-15,CUST244,Kavya Mehta,Male,32,Ahmedabad,Gujarat,West,P108,Study Table,Furniture,Tables,3,7200,0.05,20520.0,16703.67,3816.33,Credit Card,Delivered
ORD01130,2025-10-15,CUST141,Karan Patel,Male,52,Kochi,Kerala,South,P103,Smartwatch,Electronics,Wearables,2,6500,0.05,12350.0,8713.7,3636.3,UPI,Delivered
ORD01206,2025-10-15,CUST105,Nisha Rathod,Female,24,Mumbai,Maharashtra,West,P108,Study Table,Furniture,Tables,1,7200,0.0,7200.0,5274.72,1925.28,Credit Card,Delivered
ORD01489,2025-10-15,CUST110,Simran Trivedi,Female,39,Kolkata,West Bengal,East,P112,Backpack,Fashion,Bags,2,2200,0.05,4180.0,3213.21,966.79,Credit Card,Delivered
ORD00584,2025-10-16,CUST070,Anjali Rathod,Male,42,Pune,Maharashtra,West,P107,Office Chair,Furniture,Chairs,2,8500,0.0,17000.0,10220.95,6779.05,Net Banking,Delivered
ORD00748,2025-10-16,CUST208,Priya Rathod,Male,25,Bengaluru,Karnataka,South,P109,Bookshelf,Furniture,Storage,4,6200,0.1,22320.0,17246.85,5073.15,Debit Card,Delivered
ORD00847,2025-10-16,CUST094,Pooja Desai,Female,46,Surat,Gujarat,West,P116,Organic Coffee,Grocery,Beverages,2,650,0.1,1170.0,859.03,310.97,Credit Card,Delivered
ORD00913,2025-10-16,CUST099,Arjun Thakkar,Female,49,Pune,Maharashtra,West,P107,Office Chair,Furniture,Chairs,2,8500,0.05,16150.0,11022.88,5127.12,Net Banking,Delivered
ORD01218,2025-10-16,CUST205,Karan Trivedi,Female,18,Jaipur,Rajasthan,North,P111,Coffee Maker,Home & Living,Kitchen,3,4500,0.1,0.0,0.0,0.0,Credit Card,Cancelled
ORD01482,2025-10-16,CUST009,Rohan Trivedi,Male,44,Jaipur,Rajasthan,North,P101,Wireless Headphones,Electronics,Audio,4,3200,0.05,12160.0,9073.96,3086.04,Credit Card,Delivered
ORD00539,2025-10-17,CUST070,Anjali Rathod,Male,42,Chennai,Tamil Nadu,South,P116,Organic Coffee,Grocery,Beverages,1,650,0.0,650.0,382.06,267.94,Credit Card,Delivered
ORD00032,2025-10-18,CUST239,Karan Kapoor,Female,40,Chandigarh,Chandigarh,North,P102,Smartphone,Electronics,Mobile,2,18500,0.1,33300.0,27792.15,5507.85,Net Banking,Delivered
ORD00365,2025-10-18,CUST158,Rohan Trivedi,Female,38,Hyderabad,Telangana,South,P116,Organic Coffee,Grocery,Beverages,1,650,0.0,650.0,496.16,153.84,Debit Card,Delivered
ORD00018,2025-10-19,CUST115,Aditya Thakkar,Male,52,Vadodara,Gujarat,West,P104,Bluetooth Speaker,Electronics,Audio,3,2800,0.1,7560.0,6261.02,1298.98,Cash on Delivery,Delivered
ORD00614,2025-10-19,CUST190,Isha Trivedi,Male,37,Bengaluru,Karnataka,South,P111,Coffee Maker,Home & Living,Kitchen,2,4500,0.05,8550.0,6817.36,1732.64,Net Banking,Delivered
ORD00658,2025-10-19,CUST138,Amit Rathod,Male,18,Bengaluru,Karnataka,South,P116,Organic Coffee,Grocery,Beverages,2,650,0.0,1300.0,768.82,531.18,Credit Card,Delivered
ORD00754,2025-10-19,CUST098,Vivek Pandya,Female,20,Bengaluru,Karnataka,South,P113,Running Shoes,Fashion,Footwear,3,3800,0.15,9690.0,7846.84,1843.16,Debit Card,Delivered
ORD00263,2025-10-20,CUST201,Isha Desai,Male,22,Pune,Maharashtra,West,P112,Backpack,Fashion,Bags,1,2200,0.05,2090.0,1696.99,393.01,Credit Card,Delivered
ORD00927,2025-10-20,CUST213,Meera Desai,Male,31,Surat,Gujarat,West,P110,Bedsheet Set,Home & Living,Bedding,2,1800,0.1,3240.0,2492.18,747.82,Net Banking,Delivered
ORD01003,2025-10-20,CUST054,Pooja Sharma,Male,29,Hyderabad,Telangana,South,P105,Laptop,Electronics,Computers,3,52000,0.0,156000.0,102671.49,53328.51,Net Banking,Delivered
ORD01311,2025-10-20,CUST145,Varun Dave,Male,46,Mumbai,Maharashtra,West,P113,Running Shoes,Fashion,Footwear,2,3800,0.0,7600.0,5769.39,1830.61,Net Banking,Delivered
ORD01414,2025-10-20,CUST038,Meera Kapoor,Female,30,Kolkata,West Bengal,East,P110,Bedsheet Set,Home & Living,Bedding,2,1800,0.15,3060.0,2412.09,647.91,Debit Card,Delivered
ORD00280,2025-10-21,CUST021,Vivek Thakkar,Female,31,Chennai,Tamil Nadu,South,P105,Laptop,Electronics,Computers,4,52000,0.1,187200.0,143389.36,43810.64,UPI,Delivered
ORD00458,2025-10-21,CUST164,Pooja Kapoor,Female,34,Mumbai,Maharashtra,West,P118,Green Tea,Grocery,Beverages,2,500,0.0,1000.0,634.39,365.61,UPI,Delivered
ORD00604,2025-10-21,CUST167,Priya Desai,Male,54,Kolkata,West Bengal,East,P117,Dry Fruits,Grocery,Food,3,1100,0.0,3300.0,2100.33,1199.67,Credit Card,Delivered
ORD00701,2025-10-21,CUST246,Isha Joshi,Female,43,Kolkata,West Bengal,East,P118,Green Tea,Grocery,Beverages,3,500,0.15,1275.0,990.11,284.89,Cash on Delivery,Delivered
ORD01143,2025-10-21,CUST107,Arjun Thakkar,Female,31,Mumbai,Maharashtra,West,P105,Laptop,Electronics,Computers,3,52000,0.1,140400.0,118690.77,21709.23,Debit Card,Delivered
ORD01281,2025-10-21,CUST118,Simran Shah,Female,36,Kolkata,West Bengal,East,P108,Study Table,Furniture,Tables,1,7200,0.1,6480.0,5039.18,1440.82,UPI,Delivered
ORD01350,2025-10-21,CUST018,Sneha Patel,Female,23,Bengaluru,Karnataka,South,P103,Smartwatch,Electronics,Wearables,3,6500,0.1,17550.0,14018.71,3531.29,UPI,Delivered
ORD01449,2025-10-21,CUST198,Isha Dave,Male,51,Ahmedabad,Gujarat,West,P112,Backpack,Fashion,Bags,3,2200,0.15,5610.0,3989.98,1620.02,Net Banking,Delivered
ORD00058,2025-10-22,CUST229,Varun Dave,Female,36,Bhubaneswar,Odisha,East,P106,USB-C Charger,Electronics,Accessories,3,1200,0.15,3060.0,2424.53,635.47,Debit Card,Delivered
ORD00387,2025-10-22,CUST227,Arjun Sharma,Female,21,Kochi,Kerala,South,P118,Green Tea,Grocery,Beverages,2,500,0.1,0.0,0.0,0.0,UPI,Cancelled
ORD01250,2025-10-22,CUST027,Pooja Verma,Male,25,Surat,Gujarat,West,P101,Wireless Headphones,Electronics,Audio,3,3200,0.0,9600.0,7221.57,2378.43,UPI,Delivered
ORD00012,2025-10-23,CUST042,Riya Dave,Male,60,Lucknow,Uttar Pradesh,North,P118,Green Tea,Grocery,Beverages,2,500,0.1,900.0,759.93,140.07,Debit Card,Delivered
ORD00042,2025-10-23,CUST029,Neha Mehta,Male,22,Pune,Maharashtra,West,P111,Coffee Maker,Home & Living,Kitchen,2,4500,0.15,0.0,0.0,0.0,Debit Card,Cancelled
ORD00424,2025-10-23,CUST207,Rahul Shah,Female,49,Hyderabad,Telangana,South,P104,Bluetooth Speaker,Electronics,Audio,1,2800,0.15,2380.0,1647.47,732.53,Credit Card,Delivered
ORD00517,2025-10-23,CUST130,Amit Joshi,Female,27,Delhi,Delhi,North,P107,Office Chair,Furniture,Chairs,3,8500,0.0,25500.0,16758.29,8741.71,Credit Card,Delivered
ORD00786,2025-10-23,CUST172,Vivek Kapoor,Male,56,Bengaluru,Karnataka,South,P111,Coffee Maker,Home & Living,Kitchen,2,4500,0.1,8100.0,5878.85,2221.15,Net Banking,Delivered
ORD00430,2025-10-24,CUST191,Nisha Rathod,Female,46,Mumbai,Maharashtra,West,P117,Dry Fruits,Grocery,Food,2,1100,0.15,1870.0,1636.99,233.01,Credit Card,Delivered
ORD00611,2025-10-24,CUST010,Vivek Rathod,Female,33,Kochi,Kerala,South,P110,Bedsheet Set,Home & Living,Bedding,1,1800,0.15,1530.0,1209.73,-112.09,Debit Card,Returned
ORD00119,2025-10-25,CUST159,Sneha Desai,Male,33,Jaipur,Rajasthan,North,P117,Dry Fruits,Grocery,Food,4,1100,0.05,4180.0,2628.59,1551.41,Net Banking,Delivered
ORD00938,2025-10-25,CUST236,Sahil Dave,Male,43,Bengaluru,Karnataka,South,P102,Smartphone,Electronics,Mobile,3,18500,0.0,55500.0,39828.11,15671.89,UPI,Delivered
ORD00363,2025-10-26,CUST027,Pooja Verma,Male,25,Mumbai,Maharashtra,West,P112,Backpack,Fashion,Bags,4,2200,0.15,7480.0,6290.7,1189.3,UPI,Delivered
ORD00699,2025-10-26,CUST246,Isha Joshi,Female,43,Hyderabad,Telangana,South,P110,Bedsheet Set,Home & Living,Bedding,2,1800,0.0,3600.0,2593.73,1006.27,UPI,Delivered
ORD00797,2025-10-26,CUST241,Karan Singh,Female,24,Bhubaneswar,Odisha,East,P103,Smartwatch,Electronics,Wearables,2,6500,0.1,11700.0,8582.29,3117.71,UPI,Delivered
ORD01260,2025-10-26,CUST244,Kavya Mehta,Male,32,Pune,Maharashtra,West,P118,Green Tea,Grocery,Beverages,1,500,0.05,475.0,322.15,152.85,UPI,Delivered
ORD00445,2025-10-27,CUST165,Kavya Joshi,Female,30,Delhi,Delhi,North,P104,Bluetooth Speaker,Electronics,Audio,1,2800,0.2,2240.0,1711.47,-184.99,Cash on Delivery,Returned
ORD00610,2025-10-27,CUST100,Meera Rami,Male,19,Mumbai,Maharashtra,West,P113,Running Shoes,Fashion,Footwear,2,3800,0.0,7600.0,4913.75,2686.25,Cash on Delivery,Delivered
ORD00683,2025-10-27,CUST110,Simran Trivedi,Female,39,Pune,Maharashtra,West,P110,Bedsheet Set,Home & Living,Bedding,3,1800,0.2,4320.0,3521.67,798.33,Debit Card,Delivered
ORD00856,2025-10-27,CUST109,Priya Patel,Female,40,Bengaluru,Karnataka,South,P108,Study Table,Furniture,Tables,3,7200,0.1,19440.0,12884.11,6555.89,Debit Card,Delivered
ORD01197,2025-10-27,CUST071,Varun Joshi,Male,47,Mumbai,Maharashtra,West,P111,Coffee Maker,Home & Living,Kitchen,3,4500,0.1,12150.0,9758.03,2391.97,Debit Card,Delivered
ORD00719,2025-10-28,CUST001,Riya Sharma,Male,32,Pune,Maharashtra,West,P106,USB-C Charger,Electronics,Accessories,3,1200,0.0,3600.0,2701.83,898.17,UPI,Delivered
ORD00916,2025-10-28,CUST027,Pooja Verma,Male,25,Ahmedabad,Gujarat,West,P112,Backpack,Fashion,Bags,2,2200,0.1,3960.0,3011.24,948.76,UPI,Delivered
ORD00951,2025-10-28,CUST182,Isha Thakkar,Male,48,Kochi,Kerala,South,P118,Green Tea,Grocery,Beverages,1,500,0.05,475.0,359.8,115.2,Net Banking,Delivered
ORD01077,2025-10-28,CUST040,Isha Sharma,Male,49,Surat,Gujarat,West,P116,Organic Coffee,Grocery,Beverages,3,650,0.0,1950.0,1145.24,804.76,Debit Card,Delivered
ORD00410,2025-10-29,CUST250,Meera Sharma,Male,39,Chennai,Tamil Nadu,South,P115,Jeans,Fashion,Clothing,3,1900,0.1,5130.0,3750.74,1379.26,Credit Card,Delivered
ORD00883,2025-10-29,CUST214,Priya Singh,Male,56,Kolkata,West Bengal,East,P112,Backpack,Fashion,Bags,2,2200,0.1,3960.0,2717.78,1242.22,UPI,Delivered
ORD00452,2025-10-30,CUST105,Nisha Rathod,Female,24,Delhi,Delhi,North,P110,Bedsheet Set,Home & Living,Bedding,1,1800,0.0,1800.0,1262.16,537.84,Net Banking,Delivered
ORD00977,2025-10-30,CUST033,Amit Mehta,Female,57,Chennai,Tamil Nadu,South,P105,Laptop,Electronics,Computers,2,52000,0.1,93600.0,75108.55,18491.45,Credit Card,Delivered
ORD01033,2025-10-30,CUST093,Karan Desai,Female,52,Chennai,Tamil Nadu,South,P101,Wireless Headphones,Electronics,Audio,2,3200,0.1,5760.0,3853.32,1906.68,Credit Card,Delivered
ORD01243,2025-10-30,CUST212,Isha Pandya,Male,40,Bengaluru,Karnataka,South,P102,Smartphone,Electronics,Mobile,3,18500,0.2,44400.0,34323.12,10076.88,UPI,Delivered
ORD00481,2025-10-31,CUST165,Kavya Joshi,Female,30,Ahmedabad,Gujarat,West,P107,Office Chair,Furniture,Chairs,2,8500,0.1,15300.0,11568.47,3731.53,UPI,Delivered
ORD00999,2025-10-31,CUST165,Kavya Joshi,Female,30,Bengaluru,Karnataka,South,P112,Backpack,Fashion,Bags,2,2200,0.1,3960.0,2827.76,1132.24,UPI,Delivered
ORD01055,2025-10-31,CUST098,Vivek Pandya,Female,20,Chandigarh,Chandigarh,North,P105,Laptop,Electronics,Computers,1,52000,0.1,46800.0,32382.86,14417.14,UPI,Delivered
ORD01120,2025-10-31,CUST171,Simran Dave,Female,56,Kolkata,West Bengal,East,P118,Green Tea,Grocery,Beverages,2,500,0.1,0.0,0.0,0.0,UPI,Cancelled
ORD01173,2025-10-31,CUST073,Sahil Trivedi,Female,19,Chennai,Tamil Nadu,South,P109,Bookshelf,Furniture,Storage,2,6200,0.0,12400.0,8049.95,4350.05,UPI,Delivered
ORD01390,2025-10-31,CUST055,Riya Patel,Male,54,Lucknow,Uttar Pradesh,North,P112,Backpack,Fashion,Bags,1,2200,0.1,1980.0,1359.02,620.98,Credit Card,Delivered
ORD00892,2025-11-01,CUST218,Aditya Trivedi,Female,50,Delhi,Delhi,North,P111,Coffee Maker,Home & Living,Kitchen,2,4500,0.1,8100.0,5490.98,2609.02,Credit Card,Delivered
ORD01464,2025-11-01,CUST231,Kavya Shah,Male,58,Kochi,Kerala,South,P107,Office Chair,Furniture,Chairs,2,8500,0.15,14450.0,12364.95,2085.05,UPI,Delivered
ORD00073,2025-11-02,CUST022,Sahil Pandya,Female,31,Kolkata,West Bengal,East,P118,Green Tea,Grocery,Beverages,5,500,0.1,2250.0,1672.98,577.02,Debit Card,Delivered
ORD00817,2025-11-02,CUST001,Riya Sharma,Male,32,Pune,Maharashtra,West,P108,Study Table,Furniture,Tables,1,7200,0.1,6480.0,5498.67,981.33,Cash on Delivery,Delivered
ORD01060,2025-11-02,CUST139,Rahul Verma,Female,60,Kochi,Kerala,South,P115,Jeans,Fashion,Clothing,2,1900,0.05,3610.0,2270.07,1339.93,UPI,Delivered
ORD01434,2025-11-02,CUST240,Karan Verma,Female,43,Hyderabad,Telangana,South,P102,Smartphone,Electronics,Mobile,2,18500,0.1,33300.0,22278.29,11021.71,Net Banking,Delivered
ORD00225,2025-11-03,CUST029,Neha Mehta,Male,22,Lucknow,Uttar Pradesh,North,P110,Bedsheet Set,Home & Living,Bedding,2,1800,0.0,3600.0,2545.99,1054.01,Cash on Delivery,Delivered
ORD00988,2025-11-03,CUST158,Rohan Trivedi,Female,38,Bengaluru,Karnataka,South,P104,Bluetooth Speaker,Electronics,Audio,2,2800,0.1,5040.0,3876.49,1163.51,Credit Card,Delivered
ORD01194,2025-11-03,CUST040,Isha Sharma,Male,49,Mumbai,Maharashtra,West,P104,Bluetooth Speaker,Electronics,Audio,2,2800,0.15,4760.0,4122.42,637.58,UPI,Delivered
ORD01381,2025-11-03,CUST149,Varun Shah,Male,49,Hyderabad,Telangana,South,P112,Backpack,Fashion,Bags,3,2200,0.0,6600.0,5001.33,1598.67,Debit Card,Delivered
ORD00105,2025-11-04,CUST172,Vivek Kapoor,Male,56,Delhi,Delhi,North,P113,Running Shoes,Fashion,Footwear,3,3800,0.05,10830.0,8147.43,2682.57,Cash on Delivery,Delivered
ORD00403,2025-11-04,CUST043,Sneha Dave,Female,24,Mumbai,Maharashtra,West,P113,Running Shoes,Fashion,Footwear,3,3800,0.1,10260.0,7402.9,2857.1,Credit Card,Delivered
ORD00547,2025-11-04,CUST114,Riya Sharma,Female,49,Bengaluru,Karnataka,South,P101,Wireless Headphones,Electronics,Audio,3,3200,0.0,9600.0,5898.0,3702.0,Credit Card,Delivered
ORD00637,2025-11-04,CUST077,Neha Sharma,Female,50,Mumbai,Maharashtra,West,P102,Smartphone,Electronics,Mobile,1,18500,0.15,15725.0,12373.48,3351.52,UPI,Delivered
ORD00752,2025-11-04,CUST102,Arjun Shah,Male,60,Bhubaneswar,Odisha,East,P104,Bluetooth Speaker,Electronics,Audio,1,2800,0.05,2660.0,2172.8,487.2,Credit Card,Delivered
ORD00974,2025-11-04,CUST202,Kavya Mehta,Male,40,Bengaluru,Karnataka,South,P109,Bookshelf,Furniture,Storage,3,6200,0.05,17670.0,10827.7,6842.3,Debit Card,Delivered
ORD01362,2025-11-04,CUST216,Varun Patel,Female,47,Mumbai,Maharashtra,West,P114,T-Shirt,Fashion,Clothing,2,900,0.1,1620.0,1135.01,484.99,Debit Card,Delivered
ORD00320,2025-11-05,CUST154,Rohan Dave,Male,36,Lucknow,Uttar Pradesh,North,P110,Bedsheet Set,Home & Living,Bedding,4,1800,0.1,6480.0,5447.51,1032.49,UPI,Delivered
ORD00344,2025-11-05,CUST058,Amit Shah,Male,36,Ahmedabad,Gujarat,West,P107,Office Chair,Furniture,Chairs,3,8500,0.1,22950.0,19162.28,3787.72,Debit Card,Delivered
ORD00377,2025-11-05,CUST110,Simran Trivedi,Female,39,Mumbai,Maharashtra,West,P107,Office Chair,Furniture,Chairs,5,8500,0.15,36125.0,31896.65,4228.35,Cash on Delivery,Delivered
ORD00708,2025-11-05,CUST205,Karan Trivedi,Female,18,Lucknow,Uttar Pradesh,North,P115,Jeans,Fashion,Clothing,4,1900,0.05,7220.0,5525.24,1694.76,Net Banking,Delivered
ORD00734,2025-11-05,CUST136,Aditya Verma,Female,52,Kolkata,West Bengal,East,P113,Running Shoes,Fashion,Footwear,2,3800,0.05,7220.0,5582.72,1637.28,Net Banking,Delivered
ORD01074,2025-11-05,CUST117,Varun Rathod,Female,47,Kolkata,West Bengal,East,P103,Smartwatch,Electronics,Wearables,1,6500,0.05,6175.0,5024.01,1150.99,Credit Card,Delivered
ORD01124,2025-11-05,CUST072,Vivek Mehta,Male,33,Ahmedabad,Gujarat,West,P113,Running Shoes,Fashion,Footwear,2,3800,0.05,7220.0,4454.05,2765.95,Debit Card,Delivered
ORD00267,2025-11-06,CUST172,Vivek Kapoor,Male,56,Pune,Maharashtra,West,P108,Study Table,Furniture,Tables,2,7200,0.15,12240.0,9179.74,3060.26,Credit Card,Delivered
ORD00745,2025-11-06,CUST163,Anjali Patel,Male,29,Surat,Gujarat,West,P107,Office Chair,Furniture,Chairs,3,8500,0.15,21675.0,16575.95,5099.05,UPI,Delivered
ORD00933,2025-11-06,CUST206,Simran Dave,Male,21,Jaipur,Rajasthan,North,P114,T-Shirt,Fashion,Clothing,2,900,0.0,1800.0,1096.05,703.95,Debit Card,Delivered
ORD01272,2025-11-06,CUST069,Riya Patel,Female,18,Delhi,Delhi,North,P114,T-Shirt,Fashion,Clothing,1,900,0.1,810.0,680.96,129.04,Credit Card,Delivered
ORD01314,2025-11-06,CUST098,Vivek Pandya,Female,20,Bhubaneswar,Odisha,East,P114,T-Shirt,Fashion,Clothing,3,900,0.15,2295.0,1855.74,439.26,Debit Card,Delivered
ORD01392,2025-11-06,CUST031,Riya Trivedi,Female,29,Delhi,Delhi,North,P116,Organic Coffee,Grocery,Beverages,1,650,0.1,585.0,462.95,122.05,UPI,Delivered
ORD01465,2025-11-06,CUST193,Varun Mehta,Female,22,Kochi,Kerala,South,P118,Green Tea,Grocery,Beverages,3,500,0.15,1275.0,1022.77,252.23,Debit Card,Delivered
ORD00135,2025-11-07,CUST180,Amit Sharma,Male,36,Chennai,Tamil Nadu,South,P104,Bluetooth Speaker,Electronics,Audio,1,2800,0.1,2520.0,1945.77,574.23,Credit Card,Delivered
ORD00655,2025-11-07,CUST095,Isha Thakkar,Male,48,Bengaluru,Karnataka,South,P116,Organic Coffee,Grocery,Beverages,2,650,0.15,1105.0,945.57,159.43,Credit Card,Delivered
ORD00964,2025-11-07,CUST172,Vivek Kapoor,Male,56,Chennai,Tamil Nadu,South,P110,Bedsheet Set,Home & Living,Bedding,3,1800,0.05,5130.0,3317.11,1812.89,UPI,Delivered
ORD01012,2025-11-07,CUST122,Sahil Trivedi,Female,18,Patna,Bihar,East,P103,Smartwatch,Electronics,Wearables,1,6500,0.0,6500.0,3846.99,2653.01,UPI,Delivered
ORD01032,2025-11-07,CUST080,Neha Thakkar,Male,52,Vadodara,Gujarat,West,P106,USB-C Charger,Electronics,Accessories,2,1200,0.05,2280.0,1604.93,675.07,UPI,Delivered
ORD00043,2025-11-08,CUST055,Riya Patel,Male,54,Hyderabad,Telangana,South,P105,Laptop,Electronics,Computers,2,52000,0.0,104000.0,65775.09,38224.91,Credit Card,Delivered
ORD00615,2025-11-08,CUST021,Vivek Thakkar,Female,31,Patna,Bihar,East,P116,Organic Coffee,Grocery,Beverages,4,650,0.0,2600.0,1792.6,807.4,Net Banking,Delivered
ORD00995,2025-11-08,CUST249,Neha Trivedi,Male,35,Bhubaneswar,Odisha,East,P110,Bedsheet Set,Home & Living,Bedding,5,1800,0.1,8100.0,5588.49,2511.51,UPI,Delivered
ORD01227,2025-11-08,CUST116,Arjun Sharma,Female,30,Bengaluru,Karnataka,South,P115,Jeans,Fashion,Clothing,2,1900,0.05,3610.0,2592.69,1017.31,Credit Card,Delivered
ORD00183,2025-11-09,CUST236,Sahil Dave,Male,43,Chandigarh,Chandigarh,North,P114,T-Shirt,Fashion,Clothing,2,900,0.2,1440.0,1096.19,343.81,Debit Card,Delivered
ORD00297,2025-11-09,CUST069,Riya Patel,Female,18,Hyderabad,Telangana,South,P109,Bookshelf,Furniture,Storage,2,6200,0.0,12400.0,8090.2,4309.8,Debit Card,Delivered
ORD00337,2025-11-09,CUST215,Kavya Rathod,Female,55,Kochi,Kerala,South,P103,Smartwatch,Electronics,Wearables,1,6500,0.05,6175.0,4366.95,1808.05,Credit Card,Delivered
ORD00397,2025-11-09,CUST053,Meera Singh,Female,49,Jaipur,Rajasthan,North,P101,Wireless Headphones,Electronics,Audio,2,3200,0.15,5440.0,3917.67,1522.33,UPI,Delivered
ORD00560,2025-11-09,CUST145,Varun Dave,Male,46,Chandigarh,Chandigarh,North,P105,Laptop,Electronics,Computers,1,52000,0.1,0.0,0.0,0.0,UPI,Cancelled
ORD00858,2025-11-09,CUST086,Sahil Rathod,Male,39,Kolkata,West Bengal,East,P111,Coffee Maker,Home & Living,Kitchen,2,4500,0.2,7200.0,6545.26,654.74,Debit Card,Delivered
ORD01198,2025-11-09,CUST122,Sahil Trivedi,Female,18,Patna,Bihar,East,P108,Study Table,Furniture,Tables,2,7200,0.0,14400.0,9669.8,4730.2,UPI,Delivered
ORD00089,2025-11-10,CUST084,Sahil Sharma,Female,25,Kochi,Kerala,South,P104,Bluetooth Speaker,Electronics,Audio,3,2800,0.1,7560.0,4940.47,2619.53,UPI,Delivered
ORD00146,2025-11-10,CUST230,Amit Patel,Female,59,Hyderabad,Telangana,South,P110,Bedsheet Set,Home & Living,Bedding,2,1800,0.1,3240.0,2320.92,919.08,Net Banking,Delivered
ORD00153,2025-11-10,CUST017,Karan Shah,Female,57,Pune,Maharashtra,West,P108,Study Table,Furniture,Tables,2,7200,0.2,11520.0,11147.76,372.24,Cash on Delivery,Delivered
ORD01306,2025-11-10,CUST212,Isha Pandya,Male,40,Lucknow,Uttar Pradesh,North,P101,Wireless Headphones,Electronics,Audio,2,3200,0.2,5120.0,4819.75,300.25,UPI,Delivered
ORD00050,2025-11-11,CUST176,Isha Trivedi,Female,50,Chandigarh,Chandigarh,North,P118,Green Tea,Grocery,Beverages,4,500,0.1,1800.0,1504.82,295.18,Net Banking,Delivered
ORD00391,2025-11-11,CUST187,Arjun Kapoor,Female,53,Patna,Bihar,East,P117,Dry Fruits,Grocery,Food,3,1100,0.1,2970.0,2029.58,940.42,Debit Card,Delivered
ORD00646,2025-11-11,CUST141,Karan Patel,Male,52,Lucknow,Uttar Pradesh,North,P116,Organic Coffee,Grocery,Beverages,4,650,0.05,2470.0,1575.12,894.88,Debit Card,Delivered
ORD00823,2025-11-11,CUST031,Riya Trivedi,Female,29,Pune,Maharashtra,West,P102,Smartphone,Electronics,Mobile,2,18500,0.0,37000.0,22874.18,14125.82,Debit Card,Delivered
ORD00112,2025-11-12,CUST250,Meera Sharma,Male,39,Jaipur,Rajasthan,North,P115,Jeans,Fashion,Clothing,2,1900,0.1,3420.0,2618.72,801.28,Credit Card,Delivered
ORD01135,2025-11-12,CUST014,Karan Patel,Female,26,Lucknow,Uttar Pradesh,North,P108,Study Table,Furniture,Tables,3,7200,0.05,20520.0,13841.95,6678.05,Debit Card,Delivered
ORD01207,2025-11-12,CUST009,Rohan Trivedi,Male,44,Chennai,Tamil Nadu,South,P106,USB-C Charger,Electronics,Accessories,4,1200,0.1,4320.0,3182.15,1137.85,Cash on Delivery,Delivered
ORD01452,2025-11-12,CUST010,Vivek Rathod,Female,33,Bhubaneswar,Odisha,East,P109,Bookshelf,Furniture,Storage,3,6200,0.2,14880.0,13130.27,1749.73,Net Banking,Delivered
ORD00087,2025-11-13,CUST049,Aditya Dave,Male,20,Chandigarh,Chandigarh,North,P111,Coffee Maker,Home & Living,Kitchen,3,4500,0.0,13500.0,10357.77,3142.23,UPI,Delivered
ORD01230,2025-11-13,CUST237,Sneha Shah,Female,52,Surat,Gujarat,West,P107,Office Chair,Furniture,Chairs,2,8500,0.05,0.0,0.0,0.0,Net Banking,Cancelled
ORD01274,2025-11-13,CUST030,Vivek Joshi,Female,58,Delhi,Delhi,North,P102,Smartphone,Electronics,Mobile,3,18500,0.15,47175.0,34806.13,12368.87,Cash on Delivery,Delivered
ORD00315,2025-11-14,CUST006,Priya Verma,Female,47,Kolkata,West Bengal,East,P105,Laptop,Electronics,Computers,2,52000,0.0,104000.0,72429.41,31570.59,UPI,Delivered
ORD00357,2025-11-14,CUST178,Nisha Dave,Male,38,Patna,Bihar,East,P118,Green Tea,Grocery,Beverages,3,500,0.05,0.0,0.0,0.0,UPI,Cancelled
ORD00520,2025-11-14,CUST059,Priya Desai,Female,43,Patna,Bihar,East,P115,Jeans,Fashion,Clothing,3,1900,0.15,4845.0,3728.06,1116.94,Debit Card,Delivered
ORD00990,2025-11-14,CUST051,Pooja Thakkar,Male,50,Kolkata,West Bengal,East,P106,USB-C Charger,Electronics,Accessories,4,1200,0.0,4800.0,3075.57,1724.43,Cash on Delivery,Delivered
ORD01080,2025-11-14,CUST179,Sahil Rami,Male,28,Patna,Bihar,East,P106,USB-C Charger,Electronics,Accessories,3,1200,0.1,3240.0,2310.33,929.67,UPI,Delivered
ORD01202,2025-11-14,CUST102,Arjun Shah,Male,60,Patna,Bihar,East,P110,Bedsheet Set,Home & Living,Bedding,5,1800,0.0,9000.0,6255.94,2744.06,Cash on Delivery,Delivered
ORD01222,2025-11-14,CUST250,Meera Sharma,Male,39,Lucknow,Uttar Pradesh,North,P116,Organic Coffee,Grocery,Beverages,1,650,0.05,617.5,495.06,122.44,UPI,Delivered
ORD01327,2025-11-14,CUST001,Riya Sharma,Male,32,Ahmedabad,Gujarat,West,P107,Office Chair,Furniture,Chairs,1,8500,0.1,7650.0,5994.99,1655.01,Credit Card,Delivered
ORD00173,2025-11-15,CUST183,Rahul Desai,Female,20,Ahmedabad,Gujarat,West,P118,Green Tea,Grocery,Beverages,2,500,0.1,0.0,0.0,0.0,Cash on Delivery,Cancelled
ORD00314,2025-11-15,CUST215,Kavya Rathod,Female,55,Vadodara,Gujarat,West,P118,Green Tea,Grocery,Beverages,2,500,0.2,800.0,593.5,206.5,Credit Card,Delivered
ORD00711,2025-11-15,CUST015,Priya Sharma,Female,24,Mumbai,Maharashtra,West,P117,Dry Fruits,Grocery,Food,2,1100,0.05,2090.0,1611.79,478.21,Net Banking,Delivered
ORD00978,2025-11-15,CUST057,Priya Rathod,Female,40,Kochi,Kerala,South,P112,Backpack,Fashion,Bags,3,2200,0.05,6270.0,4271.93,1998.07,UPI,Delivered
ORD00350,2025-11-16,CUST003,Riya Kapoor,Male,40,Delhi,Delhi,North,P114,T-Shirt,Fashion,Clothing,3,900,0.1,2430.0,1768.22,661.78,Credit Card,Delivered
ORD00845,2025-11-16,CUST149,Varun Shah,Male,49,Lucknow,Uttar Pradesh,North,P111,Coffee Maker,Home & Living,Kitchen,1,4500,0.15,3825.0,2680.49,1144.51,Debit Card,Delivered
ORD01238,2025-11-16,CUST087,Karan Thakkar,Female,55,Patna,Bihar,East,P117,Dry Fruits,Grocery,Food,3,1100,0.15,2805.0,2547.19,257.81,UPI,Delivered
ORD01279,2025-11-16,CUST094,Pooja Desai,Female,46,Lucknow,Uttar Pradesh,North,P104,Bluetooth Speaker,Electronics,Audio,5,2800,0.15,11900.0,8756.02,3143.98,UPI,Delivered
ORD00232,2025-11-17,CUST184,Sahil Joshi,Male,28,Patna,Bihar,East,P106,USB-C Charger,Electronics,Accessories,1,1200,0.0,1200.0,929.29,-94.75,UPI,Returned
ORD00589,2025-11-17,CUST210,Neha Singh,Female,29,Pune,Maharashtra,West,P116,Organic Coffee,Grocery,Beverages,1,650,0.05,617.5,391.73,225.77,UPI,Delivered
ORD01463,2025-11-17,CUST191,Nisha Rathod,Female,46,Bhubaneswar,Odisha,East,P117,Dry Fruits,Grocery,Food,2,1100,0.2,1760.0,1292.86,467.14,UPI,Delivered
ORD00318,2025-11-18,CUST084,Sahil Sharma,Female,25,Vadodara,Gujarat,West,P115,Jeans,Fashion,Clothing,2,1900,0.0,3800.0,2937.41,862.59,UPI,Delivered
ORD00373,2025-11-18,CUST166,Arjun Kapoor,Male,44,Vadodara,Gujarat,West,P113,Running Shoes,Fashion,Footwear,2,3800,0.05,7220.0,5808.39,1411.61,Credit Card,Delivered
ORD01189,2025-11-18,CUST175,Riya Shah,Male,30,Kolkata,West Bengal,East,P107,Office Chair,Furniture,Chairs,2,8500,0.05,16150.0,12819.35,3330.65,Credit Card,Delivered
ORD01203,2025-11-18,CUST140,Rohan Dave,Male,29,Jaipur,Rajasthan,North,P109,Bookshelf,Furniture,Storage,2,6200,0.15,10540.0,7302.87,3237.13,Debit Card,Delivered
ORD01249,2025-11-18,CUST087,Karan Thakkar,Female,55,Hyderabad,Telangana,South,P114,T-Shirt,Fashion,Clothing,1,900,0.0,900.0,632.27,267.73,UPI,Delivered
ORD00125,2025-11-19,CUST007,Kavya Patel,Female,38,Pune,Maharashtra,West,P118,Green Tea,Grocery,Beverages,2,500,0.05,950.0,724.9,225.1,UPI,Delivered
ORD00246,2025-11-19,CUST072,Vivek Mehta,Male,33,Vadodara,Gujarat,West,P106,USB-C Charger,Electronics,Accessories,2,1200,0.1,2160.0,1692.76,467.24,Cash on Delivery,Delivered
ORD00247,2025-11-19,CUST224,Nisha Thakkar,Male,60,Delhi,Delhi,North,P111,Coffee Maker,Home & Living,Kitchen,3,4500,0.0,13500.0,8638.37,4861.63,Credit Card,Delivered
ORD00541,2025-11-19,CUST250,Meera Sharma,Male,39,Surat,Gujarat,West,P104,Bluetooth Speaker,Electronics,Audio,3,2800,0.05,7980.0,5816.88,2163.12,UPI,Delivered
ORD00617,2025-11-19,CUST227,Arjun Sharma,Female,21,Lucknow,Uttar Pradesh,North,P108,Study Table,Furniture,Tables,3,7200,0.05,20520.0,12804.05,7715.95,UPI,Delivered
ORD00726,2025-11-19,CUST191,Nisha Rathod,Female,46,Patna,Bihar,East,P112,Backpack,Fashion,Bags,1,2200,0.0,2200.0,1358.43,841.57,UPI,Delivered
ORD00792,2025-11-19,CUST043,Sneha Dave,Female,24,Hyderabad,Telangana,South,P106,USB-C Charger,Electronics,Accessories,1,1200,0.1,1080.0,759.14,320.86,Debit Card,Delivered
ORD00302,2025-11-20,CUST214,Priya Singh,Male,56,Lucknow,Uttar Pradesh,North,P117,Dry Fruits,Grocery,Food,4,1100,0.1,3960.0,2666.35,1293.65,Credit Card,Delivered
ORD00966,2025-11-20,CUST228,Neha Mehta,Male,46,Bengaluru,Karnataka,South,P107,Office Chair,Furniture,Chairs,4,8500,0.0,34000.0,19897.88,14102.12,Debit Card,Delivered
ORD00985,2025-11-20,CUST089,Priya Desai,Female,50,Chandigarh,Chandigarh,North,P111,Coffee Maker,Home & Living,Kitchen,4,4500,0.2,14400.0,11980.49,2419.51,UPI,Delivered
ORD00201,2025-11-21,CUST128,Rohan Kapoor,Female,38,Delhi,Delhi,North,P117,Dry Fruits,Grocery,Food,3,1100,0.15,2805.0,2081.62,723.38,UPI,Delivered
ORD00259,2025-11-21,CUST050,Riya Rami,Female,44,Chandigarh,Chandigarh,North,P109,Bookshelf,Furniture,Storage,4,6200,0.0,24800.0,19001.2,5798.8,Net Banking,Delivered
ORD00439,2025-11-21,CUST120,Pooja Rathod,Male,18,Mumbai,Maharashtra,West,P108,Study Table,Furniture,Tables,1,7200,0.0,7200.0,4248.81,2951.19,Debit Card,Delivered
ORD00597,2025-11-21,CUST220,Simran Shah,Male,46,Lucknow,Uttar Pradesh,North,P112,Backpack,Fashion,Bags,4,2200,0.05,0.0,0.0,0.0,UPI,Cancelled
ORD00670,2025-11-21,CUST080,Neha Thakkar,Male,52,Kolkata,West Bengal,East,P101,Wireless Headphones,Electronics,Audio,1,3200,0.0,3200.0,2267.79,932.21,UPI,Delivered
ORD00806,2025-11-21,CUST111,Isha Sharma,Female,23,Hyderabad,Telangana,South,P103,Smartwatch,Electronics,Wearables,2,6500,0.1,11700.0,8331.2,3368.8,UPI,Delivered
ORD01038,2025-11-21,CUST082,Neha Dave,Male,53,Vadodara,Gujarat,West,P115,Jeans,Fashion,Clothing,1,1900,0.1,1710.0,1403.66,306.34,Debit Card,Delivered
ORD01047,2025-11-21,CUST034,Neha Shah,Male,54,Lucknow,Uttar Pradesh,North,P109,Bookshelf,Furniture,Storage,2,6200,0.05,11780.0,7551.68,4228.32,Debit Card,Delivered
ORD00319,2025-11-22,CUST225,Sahil Singh,Male,40,Kochi,Kerala,South,P116,Organic Coffee,Grocery,Beverages,2,650,0.05,0.0,0.0,0.0,Net Banking,Cancelled
ORD00769,2025-11-22,CUST138,Amit Rathod,Male,18,Bhubaneswar,Odisha,East,P106,USB-C Charger,Electronics,Accessories,5,1200,0.1,5400.0,4589.59,810.41,Credit Card,Delivered
ORD01141,2025-11-22,CUST079,Sneha Rami,Female,37,Delhi,Delhi,North,P105,Laptop,Electronics,Computers,3,52000,0.15,132600.0,93553.03,39046.97,UPI,Delivered
ORD01335,2025-11-22,CUST081,Varun Thakkar,Female,19,Ahmedabad,Gujarat,West,P105,Laptop,Electronics,Computers,2,52000,0.1,93600.0,70147.21,23452.79,Debit Card,Delivered
ORD00448,2025-11-23,CUST119,Amit Kapoor,Male,40,Pune,Maharashtra,West,P104,Bluetooth Speaker,Electronics,Audio,1,2800,0.15,2380.0,1646.48,-256.73,Net Banking,Returned
ORD00626,2025-11-23,CUST223,Amit Patel,Female,19,Chennai,Tamil Nadu,South,P102,Smartphone,Electronics,Mobile,2,18500,0.0,37000.0,23402.39,13597.61,Credit Card,Delivered
ORD01034,2025-11-23,CUST091,Sneha Mehta,Female,34,Patna,Bihar,East,P105,Laptop,Electronics,Computers,3,52000,0.0,156000.0,119628.7,36371.3,UPI,Delivered
ORD00088,2025-11-24,CUST114,Riya Sharma,Female,49,Patna,Bihar,East,P108,Study Table,Furniture,Tables,3,7200,0.15,18360.0,13994.42,4365.58,Net Banking,Delivered
ORD00310,2025-11-24,CUST120,Pooja Rathod,Male,18,Delhi,Delhi,North,P105,Laptop,Electronics,Computers,2,52000,0.1,93600.0,72212.32,21387.68,Net Banking,Delivered
ORD00311,2025-11-24,CUST210,Neha Singh,Female,29,Mumbai,Maharashtra,West,P116,Organic Coffee,Grocery,Beverages,1,650,0.1,585.0,414.39,170.61,UPI,Delivered
ORD00837,2025-11-24,CUST150,Amit Rathod,Male,30,Mumbai,Maharashtra,West,P101,Wireless Headphones,Electronics,Audio,2,3200,0.05,6080.0,4316.9,1763.1,Net Banking,Delivered
ORD00849,2025-11-24,CUST074,Rahul Thakkar,Female,22,Vadodara,Gujarat,West,P117,Dry Fruits,Grocery,Food,2,1100,0.1,1980.0,1308.75,671.25,Credit Card,Delivered
ORD01049,2025-11-24,CUST181,Aditya Trivedi,Female,58,Hyderabad,Telangana,South,P110,Bedsheet Set,Home & Living,Bedding,2,1800,0.05,3420.0,2582.97,837.03,UPI,Delivered
ORD01313,2025-11-24,CUST002,Anjali Verma,Male,38,Kolkata,West Bengal,East,P104,Bluetooth Speaker,Electronics,Audio,2,2800,0.05,5320.0,3988.66,1331.34,Cash on Delivery,Delivered
ORD01067,2025-11-25,CUST200,Sahil Joshi,Female,45,Kochi,Kerala,South,P108,Study Table,Furniture,Tables,5,7200,0.05,34200.0,21455.87,12744.13,UPI,Delivered
ORD01235,2025-11-25,CUST123,Sahil Dave,Male,22,Vadodara,Gujarat,West,P114,T-Shirt,Fashion,Clothing,4,900,0.05,3420.0,2126.86,1293.14,Debit Card,Delivered
ORD00186,2025-11-26,CUST198,Isha Dave,Male,51,Surat,Gujarat,West,P101,Wireless Headphones,Electronics,Audio,1,3200,0.15,2720.0,2399.98,320.02,Debit Card,Delivered
ORD00824,2025-11-26,CUST105,Nisha Rathod,Female,24,Ahmedabad,Gujarat,West,P109,Bookshelf,Furniture,Storage,2,6200,0.1,11160.0,9531.13,1628.87,Cash on Delivery,Delivered
ORD00864,2025-11-26,CUST237,Sneha Shah,Female,52,Bengaluru,Karnataka,South,P104,Bluetooth Speaker,Electronics,Audio,2,2800,0.1,5040.0,3444.88,1595.12,UPI,Delivered
ORD01079,2025-11-26,CUST104,Neha Patel,Male,41,Jaipur,Rajasthan,North,P106,USB-C Charger,Electronics,Accessories,2,1200,0.05,2280.0,1648.44,631.56,Net Banking,Delivered
ORD01379,2025-11-26,CUST157,Meera Desai,Male,52,Vadodara,Gujarat,West,P111,Coffee Maker,Home & Living,Kitchen,4,4500,0.1,0.0,0.0,0.0,Net Banking,Cancelled
ORD01475,2025-11-26,CUST106,Sneha Dave,Female,18,Surat,Gujarat,West,P114,T-Shirt,Fashion,Clothing,2,900,0.0,1800.0,1255.93,544.07,Debit Card,Delivered
ORD00111,2025-11-27,CUST233,Isha Thakkar,Female,44,Jaipur,Rajasthan,North,P113,Running Shoes,Fashion,Footwear,2,3800,0.05,7220.0,5394.59,1825.41,UPI,Delivered
ORD00326,2025-11-27,CUST178,Nisha Dave,Male,38,Vadodara,Gujarat,West,P101,Wireless Headphones,Electronics,Audio,2,3200,0.05,6080.0,4138.28,1941.72,Net Banking,Delivered
ORD00687,2025-11-27,CUST232,Rohan Kapoor,Female,51,Lucknow,Uttar Pradesh,North,P105,Laptop,Electronics,Computers,3,52000,0.0,156000.0,90748.91,65251.09,UPI,Delivered
ORD00885,2025-11-27,CUST182,Isha Thakkar,Male,48,Delhi,Delhi,North,P117,Dry Fruits,Grocery,Food,2,1100,0.1,0.0,0.0,0.0,Debit Card,Cancelled
ORD01287,2025-11-27,CUST248,Aditya Trivedi,Female,27,Vadodara,Gujarat,West,P117,Dry Fruits,Grocery,Food,1,1100,0.05,1045.0,767.93,277.07,Debit Card,Delivered
ORD00414,2025-11-28,CUST030,Vivek Joshi,Female,58,Bhubaneswar,Odisha,East,P112,Backpack,Fashion,Bags,3,2200,0.1,5940.0,4815.57,1124.43,Credit Card,Delivered
ORD00709,2025-11-28,CUST212,Isha Pandya,Male,40,Patna,Bihar,East,P116,Organic Coffee,Grocery,Beverages,2,650,0.0,1300.0,1004.4,295.6,Cash on Delivery,Delivered
ORD00152,2025-11-29,CUST087,Karan Thakkar,Female,55,Pune,Maharashtra,West,P108,Study Table,Furniture,Tables,1,7200,0.1,6480.0,5125.01,1354.99,Net Banking,Delivered
ORD00386,2025-11-29,CUST148,Neha Shah,Male,53,Kolkata,West Bengal,East,P118,Green Tea,Grocery,Beverages,3,500,0.1,1350.0,1014.95,335.05,Net Banking,Delivered
ORD00925,2025-11-29,CUST123,Sahil Dave,Male,22,Delhi,Delhi,North,P111,Coffee Maker,Home & Living,Kitchen,3,4500,0.15,11475.0,8342.6,3132.4,UPI,Delivered
ORD01085,2025-11-29,CUST125,Simran Desai,Female,46,Bengaluru,Karnataka,South,P118,Green Tea,Grocery,Beverages,2,500,0.0,1000.0,763.36,236.64,Credit Card,Delivered
ORD01294,2025-11-29,CUST074,Rahul Thakkar,Female,22,Surat,Gujarat,West,P114,T-Shirt,Fashion,Clothing,1,900,0.1,810.0,552.28,257.72,Credit Card,Delivered
ORD00102,2025-11-30,CUST189,Amit Trivedi,Female,44,Mumbai,Maharashtra,West,P118,Green Tea,Grocery,Beverages,1,500,0.1,450.0,383.66,66.34,UPI,Delivered
ORD00908,2025-11-30,CUST016,Rohan Dave,Female,52,Chandigarh,Chandigarh,North,P118,Green Tea,Grocery,Beverages,3,500,0.1,1350.0,952.21,397.79,Net Banking,Delivered
ORD00461,2025-12-01,CUST087,Karan Thakkar,Female,55,Chandigarh,Chandigarh,North,P114,T-Shirt,Fashion,Clothing,4,900,0.0,3600.0,2320.36,1279.64,Credit Card,Delivered
ORD00530,2025-12-01,CUST246,Isha Joshi,Female,43,Chennai,Tamil Nadu,South,P118,Green Tea,Grocery,Beverages,1,500,0.05,475.0,376.25,98.75,UPI,Delivered
ORD01182,2025-12-01,CUST061,Isha Pandya,Female,41,Lucknow,Uttar Pradesh,North,P105,Laptop,Electronics,Computers,3,52000,0.1,140400.0,96887.49,43512.51,Debit Card,Delivered
ORD01427,2025-12-01,CUST195,Varun Singh,Male,22,Patna,Bihar,East,P109,Bookshelf,Furniture,Storage,2,6200,0.05,11780.0,8201.71,3578.29,Cash on Delivery,Delivered
ORD00180,2025-12-02,CUST220,Simran Shah,Male,46,Chennai,Tamil Nadu,South,P110,Bedsheet Set,Home & Living,Bedding,2,1800,0.05,3420.0,2696.25,723.75,UPI,Delivered
ORD00511,2025-12-02,CUST147,Vivek Desai,Male,41,Ahmedabad,Gujarat,West,P102,Smartphone,Electronics,Mobile,2,18500,0.05,35150.0,23727.47,11422.53,Credit Card,Delivered
ORD00553,2025-12-02,CUST061,Isha Pandya,Female,41,Surat,Gujarat,West,P101,Wireless Headphones,Electronics,Audio,5,3200,0.05,15200.0,11760.75,3439.25,UPI,Delivered
ORD00915,2025-12-02,CUST068,Aditya Trivedi,Male,57,Bhubaneswar,Odisha,East,P111,Coffee Maker,Home & Living,Kitchen,3,4500,0.1,12150.0,8831.99,3318.01,Debit Card,Delivered
ORD00026,2025-12-03,CUST156,Karan Pandya,Female,36,Surat,Gujarat,West,P117,Dry Fruits,Grocery,Food,5,1100,0.0,5500.0,3646.09,-648.87,UPI,Returned
ORD00305,2025-12-03,CUST084,Sahil Sharma,Female,25,Mumbai,Maharashtra,West,P103,Smartwatch,Electronics,Wearables,3,6500,0.1,17550.0,13502.08,4047.92,Cash on Delivery,Delivered
ORD00730,2025-12-03,CUST066,Sneha Mehta,Female,20,Surat,Gujarat,West,P115,Jeans,Fashion,Clothing,2,1900,0.0,3800.0,2500.03,1299.97,UPI,Delivered
ORD00876,2025-12-03,CUST048,Riya Thakkar,Male,18,Kolkata,West Bengal,East,P118,Green Tea,Grocery,Beverages,2,500,0.0,1000.0,731.68,268.32,Debit Card,Delivered
ORD01065,2025-12-03,CUST112,Meera Rami,Male,54,Lucknow,Uttar Pradesh,North,P104,Bluetooth Speaker,Electronics,Audio,3,2800,0.1,7560.0,6092.81,1467.19,Cash on Delivery,Delivered
ORD00498,2025-12-04,CUST118,Simran Shah,Female,36,Surat,Gujarat,West,P115,Jeans,Fashion,Clothing,3,1900,0.1,5130.0,3847.6,1282.4,Cash on Delivery,Delivered
ORD00918,2025-12-04,CUST250,Meera Sharma,Male,39,Pune,Maharashtra,West,P108,Study Table,Furniture,Tables,3,7200,0.05,20520.0,16478.39,4041.61,Net Banking,Delivered
ORD01229,2025-12-04,CUST165,Kavya Joshi,Female,30,Lucknow,Uttar Pradesh,North,P113,Running Shoes,Fashion,Footwear,2,3800,0.1,6840.0,5243.97,1596.03,Credit Card,Delivered
ORD00308,2025-12-05,CUST225,Sahil Singh,Male,40,Ahmedabad,Gujarat,West,P108,Study Table,Furniture,Tables,2,7200,0.05,0.0,0.0,0.0,UPI,Cancelled
ORD00490,2025-12-05,CUST199,Pooja Mehta,Male,18,Bengaluru,Karnataka,South,P115,Jeans,Fashion,Clothing,3,1900,0.05,5415.0,3987.73,1427.27,Credit Card,Delivered
ORD00590,2025-12-05,CUST154,Rohan Dave,Male,36,Chennai,Tamil Nadu,South,P113,Running Shoes,Fashion,Footwear,2,3800,0.15,6460.0,5258.01,1201.99,Credit Card,Delivered
ORD00932,2025-12-05,CUST104,Neha Patel,Male,41,Mumbai,Maharashtra,West,P107,Office Chair,Furniture,Chairs,2,8500,0.1,15300.0,11687.09,3612.91,Net Banking,Delivered
ORD01069,2025-12-05,CUST069,Riya Patel,Female,18,Vadodara,Gujarat,West,P115,Jeans,Fashion,Clothing,3,1900,0.0,0.0,0.0,0.0,UPI,Cancelled
ORD01375,2025-12-05,CUST015,Priya Sharma,Female,24,Mumbai,Maharashtra,West,P102,Smartphone,Electronics,Mobile,2,18500,0.0,37000.0,27521.82,9478.18,Cash on Delivery,Delivered
ORD00446,2025-12-07,CUST222,Vivek Shah,Female,37,Hyderabad,Telangana,South,P103,Smartwatch,Electronics,Wearables,3,6500,0.05,18525.0,13133.96,5391.04,Debit Card,Delivered
ORD00594,2025-12-07,CUST143,Vivek Kapoor,Female,51,Kochi,Kerala,South,P104,Bluetooth Speaker,Electronics,Audio,2,2800,0.05,5320.0,4027.29,-452.45,Cash on Delivery,Returned
ORD01015,2025-12-07,CUST203,Amit Desai,Male,27,Ahmedabad,Gujarat,West,P118,Green Tea,Grocery,Beverages,3,500,0.15,1275.0,1036.35,238.65,UPI,Delivered
ORD01304,2025-12-07,CUST245,Amit Rathod,Female,56,Chennai,Tamil Nadu,South,P106,USB-C Charger,Electronics,Accessories,2,1200,0.15,2040.0,1583.11,456.89,UPI,Delivered
ORD01349,2025-12-07,CUST226,Sahil Pandya,Male,33,Kolkata,West Bengal,East,P105,Laptop,Electronics,Computers,2,52000,0.15,88400.0,68746.12,19653.88,Cash on Delivery,Delivered
ORD01420,2025-12-07,CUST107,Arjun Thakkar,Female,31,Vadodara,Gujarat,West,P112,Backpack,Fashion,Bags,2,2200,0.1,3960.0,2778.0,1182.0,Credit Card,Delivered
ORD00286,2025-12-08,CUST187,Arjun Kapoor,Female,53,Mumbai,Maharashtra,West,P118,Green Tea,Grocery,Beverages,3,500,0.1,1350.0,1120.62,229.38,Net Banking,Delivered
ORD01112,2025-12-08,CUST157,Meera Desai,Male,52,Pune,Maharashtra,West,P111,Coffee Maker,Home & Living,Kitchen,3,4500,0.15,11475.0,9769.81,1705.19,Credit Card,Delivered
ORD00299,2025-12-09,CUST169,Aditya Shah,Male,24,Pune,Maharashtra,West,P113,Running Shoes,Fashion,Footwear,3,3800,0.15,9690.0,8477.1,1212.9,UPI,Delivered
ORD01113,2025-12-09,CUST097,Rahul Mehta,Female,35,Lucknow,Uttar Pradesh,North,P113,Running Shoes,Fashion,Footwear,3,3800,0.1,10260.0,8316.86,1943.14,Credit Card,Delivered
ORD00082,2025-12-10,CUST214,Priya Singh,Male,56,Delhi,Delhi,North,P102,Smartphone,Electronics,Mobile,2,18500,0.2,29600.0,22566.9,7033.1,Credit Card,Delivered
ORD00939,2025-12-11,CUST161,Riya Thakkar,Male,22,Kolkata,West Bengal,East,P114,T-Shirt,Fashion,Clothing,4,900,0.15,3060.0,2229.44,830.56,Debit Card,Delivered
ORD01156,2025-12-11,CUST053,Meera Singh,Female,49,Jaipur,Rajasthan,North,P106,USB-C Charger,Electronics,Accessories,3,1200,0.0,3600.0,2130.7,1469.3,UPI,Delivered
ORD01331,2025-12-11,CUST151,Neha Trivedi,Female,34,Bhubaneswar,Odisha,East,P118,Green Tea,Grocery,Beverages,3,500,0.1,1350.0,1104.97,245.03,UPI,Delivered
ORD00019,2025-12-12,CUST134,Sahil Verma,Female,19,Chandigarh,Chandigarh,North,P115,Jeans,Fashion,Clothing,4,1900,0.0,7600.0,5299.07,2300.93,Credit Card,Delivered
ORD00850,2025-12-12,CUST128,Rohan Kapoor,Female,38,Hyderabad,Telangana,South,P101,Wireless Headphones,Electronics,Audio,3,3200,0.05,9120.0,7037.0,2083.0,Credit Card,Delivered
ORD01163,2025-12-12,CUST193,Varun Mehta,Female,22,Mumbai,Maharashtra,West,P104,Bluetooth Speaker,Electronics,Audio,3,2800,0.2,6720.0,6427.32,292.68,Cash on Delivery,Delivered
ORD01321,2025-12-12,CUST024,Meera Desai,Female,43,Kolkata,West Bengal,East,P114,T-Shirt,Fashion,Clothing,3,900,0.1,2430.0,1842.74,587.26,Debit Card,Delivered
ORD01409,2025-12-12,CUST097,Rahul Mehta,Female,35,Ahmedabad,Gujarat,West,P118,Green Tea,Grocery,Beverages,2,500,0.0,1000.0,751.84,248.16,Credit Card,Delivered
ORD00066,2025-12-13,CUST040,Isha Sharma,Male,49,Surat,Gujarat,West,P108,Study Table,Furniture,Tables,3,7200,0.1,19440.0,14779.84,4660.16,Net Banking,Delivered
ORD00716,2025-12-13,CUST202,Kavya Mehta,Male,40,Chandigarh,Chandigarh,North,P111,Coffee Maker,Home & Living,Kitchen,3,4500,0.0,13500.0,9037.85,4462.15,UPI,Delivered
ORD00756,2025-12-13,CUST224,Nisha Thakkar,Male,60,Kochi,Kerala,South,P114,T-Shirt,Fashion,Clothing,2,900,0.1,1620.0,1253.32,366.68,Cash on Delivery,Delivered
ORD01328,2025-12-13,CUST232,Rohan Kapoor,Female,51,Surat,Gujarat,West,P115,Jeans,Fashion,Clothing,3,1900,0.0,5700.0,4329.59,1370.41,UPI,Delivered
ORD00862,2025-12-14,CUST187,Arjun Kapoor,Female,53,Delhi,Delhi,North,P114,T-Shirt,Fashion,Clothing,2,900,0.15,1530.0,1338.43,191.57,UPI,Delivered
ORD00080,2025-12-15,CUST244,Kavya Mehta,Male,32,Jaipur,Rajasthan,North,P103,Smartwatch,Electronics,Wearables,1,6500,0.0,6500.0,4967.1,1532.9,Debit Card,Delivered
ORD00993,2025-12-15,CUST222,Vivek Shah,Female,37,Jaipur,Rajasthan,North,P103,Smartwatch,Electronics,Wearables,2,6500,0.15,11050.0,9626.66,1423.34,Credit Card,Delivered
ORD00535,2025-12-16,CUST132,Vivek Kapoor,Male,49,Pune,Maharashtra,West,P107,Office Chair,Furniture,Chairs,2,8500,0.2,13600.0,11339.89,2260.11,Cash on Delivery,Delivered
ORD00816,2025-12-16,CUST034,Neha Shah,Male,54,Bhubaneswar,Odisha,East,P110,Bedsheet Set,Home & Living,Bedding,3,1800,0.05,5130.0,3196.72,1933.28,Credit Card,Delivered
ORD00911,2025-12-16,CUST089,Priya Desai,Female,50,Delhi,Delhi,North,P104,Bluetooth Speaker,Electronics,Audio,3,2800,0.0,8400.0,5834.11,2565.89,Credit Card,Delivered
ORD01233,2025-12-16,CUST103,Sahil Joshi,Male,59,Lucknow,Uttar Pradesh,North,P103,Smartwatch,Electronics,Wearables,4,6500,0.1,23400.0,19791.77,3608.23,Net Banking,Delivered
ORD00488,2025-12-17,CUST025,Nisha Trivedi,Male,32,Jaipur,Rajasthan,North,P116,Organic Coffee,Grocery,Beverages,2,650,0.1,1170.0,811.33,358.67,Debit Card,Delivered
ORD00608,2025-12-17,CUST213,Meera Desai,Male,31,Chandigarh,Chandigarh,North,P104,Bluetooth Speaker,Electronics,Audio,3,2800,0.05,7980.0,5138.19,2841.81,UPI,Delivered
ORD00648,2025-12-17,CUST053,Meera Singh,Female,49,Hyderabad,Telangana,South,P116,Organic Coffee,Grocery,Beverages,2,650,0.15,1105.0,977.13,127.87,UPI,Delivered
ORD01308,2025-12-17,CUST148,Neha Shah,Male,53,Chandigarh,Chandigarh,North,P103,Smartwatch,Electronics,Wearables,1,6500,0.05,6175.0,3830.55,2344.45,Debit Card,Delivered
ORD01373,2025-12-17,CUST034,Neha Shah,Male,54,Chandigarh,Chandigarh,North,P117,Dry Fruits,Grocery,Food,2,1100,0.05,2090.0,1593.09,496.91,UPI,Delivered
ORD01455,2025-12-17,CUST125,Simran Desai,Female,46,Surat,Gujarat,West,P102,Smartphone,Electronics,Mobile,2,18500,0.05,35150.0,28472.26,6677.74,Credit Card,Delivered
ORD00447,2025-12-18,CUST130,Amit Joshi,Female,27,Surat,Gujarat,West,P117,Dry Fruits,Grocery,Food,3,1100,0.05,3135.0,2530.73,604.27,Debit Card,Delivered
ORD00603,2025-12-18,CUST234,Pooja Kapoor,Male,39,Ahmedabad,Gujarat,West,P107,Office Chair,Furniture,Chairs,2,8500,0.05,16150.0,10055.13,6094.87,Credit Card,Delivered
ORD01114,2025-12-18,CUST121,Rahul Pandya,Female,49,Bengaluru,Karnataka,South,P105,Laptop,Electronics,Computers,1,52000,0.05,49400.0,30521.05,18878.95,UPI,Delivered
ORD00085,2025-12-19,CUST202,Kavya Mehta,Male,40,Chandigarh,Chandigarh,North,P118,Green Tea,Grocery,Beverages,2,500,0.0,1000.0,650.13,349.87,UPI,Delivered
ORD00639,2025-12-19,CUST013,Pooja Joshi,Female,21,Chandigarh,Chandigarh,North,P110,Bedsheet Set,Home & Living,Bedding,2,1800,0.05,3420.0,2497.89,922.11,UPI,Delivered
ORD00900,2025-12-19,CUST142,Isha Kapoor,Female,46,Patna,Bihar,East,P116,Organic Coffee,Grocery,Beverages,2,650,0.15,1105.0,923.2,181.8,Debit Card,Delivered
ORD00928,2025-12-19,CUST120,Pooja Rathod,Male,18,Mumbai,Maharashtra,West,P110,Bedsheet Set,Home & Living,Bedding,5,1800,0.0,9000.0,5316.18,3683.82,Cash on Delivery,Delivered
ORD01061,2025-12-19,CUST044,Simran Rami,Female,19,Kolkata,West Bengal,East,P108,Study Table,Furniture,Tables,2,7200,0.0,0.0,0.0,0.0,Debit Card,Cancelled
ORD01224,2025-12-19,CUST213,Meera Desai,Male,31,Ahmedabad,Gujarat,West,P108,Study Table,Furniture,Tables,3,7200,0.1,19440.0,12924.79,-2280.32,Credit Card,Returned
ORD01421,2025-12-19,CUST029,Neha Mehta,Male,22,Jaipur,Rajasthan,North,P108,Study Table,Furniture,Tables,2,7200,0.1,12960.0,9417.39,3542.61,Credit Card,Delivered
ORD01470,2025-12-19,CUST071,Varun Joshi,Male,47,Bhubaneswar,Odisha,East,P103,Smartwatch,Electronics,Wearables,3,6500,0.05,18525.0,13169.5,5355.5,UPI,Delivered
ORD00229,2025-12-20,CUST230,Amit Patel,Female,59,Kolkata,West Bengal,East,P112,Backpack,Fashion,Bags,2,2200,0.1,3960.0,3061.75,898.25,Debit Card,Delivered
ORD00342,2025-12-20,CUST175,Riya Shah,Male,30,Kolkata,West Bengal,East,P101,Wireless Headphones,Electronics,Audio,2,3200,0.15,5440.0,4520.22,919.78,Credit Card,Delivered
ORD00578,2025-12-20,CUST012,Amit Mehta,Male,38,Jaipur,Rajasthan,North,P104,Bluetooth Speaker,Electronics,Audio,2,2800,0.1,0.0,0.0,0.0,Debit Card,Cancelled
ORD01231,2025-12-20,CUST105,Nisha Rathod,Female,24,Pune,Maharashtra,West,P107,Office Chair,Furniture,Chairs,2,8500,0.15,14450.0,13092.08,1357.92,Debit Card,Delivered
ORD00251,2025-12-21,CUST223,Amit Patel,Female,19,Delhi,Delhi,North,P111,Coffee Maker,Home & Living,Kitchen,2,4500,0.1,8100.0,6258.67,1841.33,Debit Card,Delivered
ORD00366,2025-12-21,CUST183,Rahul Desai,Female,20,Hyderabad,Telangana,South,P111,Coffee Maker,Home & Living,Kitchen,4,4500,0.05,17100.0,11888.41,5211.59,Credit Card,Delivered
ORD00383,2025-12-21,CUST168,Kavya Mehta,Female,18,Kochi,Kerala,South,P114,T-Shirt,Fashion,Clothing,1,900,0.0,900.0,679.57,-77.15,Credit Card,Returned
ORD00675,2025-12-21,CUST135,Isha Rathod,Female,49,Chennai,Tamil Nadu,South,P112,Backpack,Fashion,Bags,2,2200,0.0,0.0,0.0,0.0,Cash on Delivery,Cancelled
ORD01131,2025-12-21,CUST172,Vivek Kapoor,Male,56,Chennai,Tamil Nadu,South,P110,Bedsheet Set,Home & Living,Bedding,2,1800,0.05,3420.0,2680.37,739.63,Credit Card,Delivered
ORD00020,2025-12-22,CUST111,Isha Sharma,Female,23,Chandigarh,Chandigarh,North,P111,Coffee Maker,Home & Living,Kitchen,4,4500,0.1,16200.0,10522.88,5677.12,Debit Card,Delivered
ORD00787,2025-12-22,CUST202,Kavya Mehta,Male,40,Kolkata,West Bengal,East,P111,Coffee Maker,Home & Living,Kitchen,4,4500,0.05,17100.0,13570.35,3529.65,Debit Card,Delivered
ORD00887,2025-12-22,CUST173,Neha Dave,Male,45,Kolkata,West Bengal,East,P101,Wireless Headphones,Electronics,Audio,2,3200,0.0,6400.0,4648.55,1751.45,UPI,Delivered
ORD01093,2025-12-22,CUST235,Meera Verma,Female,60,Patna,Bihar,East,P113,Running Shoes,Fashion,Footwear,3,3800,0.0,11400.0,7081.79,4318.21,UPI,Delivered
ORD01307,2025-12-22,CUST110,Simran Trivedi,Female,39,Mumbai,Maharashtra,West,P107,Office Chair,Furniture,Chairs,2,8500,0.0,17000.0,12778.19,-1477.63,UPI,Returned
ORD01459,2025-12-22,CUST097,Rahul Mehta,Female,35,Surat,Gujarat,West,P102,Smartphone,Electronics,Mobile,1,18500,0.1,16650.0,12805.9,3844.1,Credit Card,Delivered
ORD00077,2025-12-23,CUST021,Vivek Thakkar,Female,31,Hyderabad,Telangana,South,P116,Organic Coffee,Grocery,Beverages,3,650,0.05,1852.5,1237.94,614.56,Cash on Delivery,Delivered
ORD00456,2025-12-23,CUST138,Amit Rathod,Male,18,Chennai,Tamil Nadu,South,P114,T-Shirt,Fashion,Clothing,3,900,0.05,2565.0,2061.32,503.68,Credit Card,Delivered
ORD00574,2025-12-23,CUST006,Priya Verma,Female,47,Mumbai,Maharashtra,West,P111,Coffee Maker,Home & Living,Kitchen,3,4500,0.15,11475.0,8320.91,3154.09,Credit Card,Delivered
ORD00668,2025-12-23,CUST049,Aditya Dave,Male,20,Kolkata,West Bengal,East,P101,Wireless Headphones,Electronics,Audio,4,3200,0.05,12160.0,8995.03,3164.97,UPI,Delivered
ORD00741,2025-12-23,CUST240,Karan Verma,Female,43,Kolkata,West Bengal,East,P103,Smartwatch,Electronics,Wearables,5,6500,0.15,27625.0,22105.7,5519.3,Cash on Delivery,Delivered
ORD00877,2025-12-23,CUST154,Rohan Dave,Male,36,Bengaluru,Karnataka,South,P101,Wireless Headphones,Electronics,Audio,2,3200,0.1,0.0,0.0,0.0,UPI,Cancelled
ORD01138,2025-12-23,CUST016,Rohan Dave,Female,52,Jaipur,Rajasthan,North,P114,T-Shirt,Fashion,Clothing,3,900,0.2,2160.0,1914.12,-86.06,UPI,Returned
ORD01263,2025-12-23,CUST023,Arjun Desai,Female,35,Kolkata,West Bengal,East,P103,Smartwatch,Electronics,Wearables,5,6500,0.05,30875.0,18969.97,11905.03,Credit Card,Delivered
ORD00413,2025-12-24,CUST056,Isha Verma,Male,19,Bhubaneswar,Odisha,East,P113,Running Shoes,Fashion,Footwear,2,3800,0.0,7600.0,5312.17,2287.83,Debit Card,Delivered
ORD00521,2025-12-24,CUST183,Rahul Desai,Female,20,Chennai,Tamil Nadu,South,P117,Dry Fruits,Grocery,Food,3,1100,0.0,3300.0,2434.06,865.94,Cash on Delivery,Delivered
ORD00169,2025-12-25,CUST037,Riya Singh,Male,32,Delhi,Delhi,North,P108,Study Table,Furniture,Tables,1,7200,0.1,6480.0,4687.91,1792.09,Net Banking,Delivered
ORD00238,2025-12-25,CUST021,Vivek Thakkar,Female,31,Patna,Bihar,East,P111,Coffee Maker,Home & Living,Kitchen,2,4500,0.0,9000.0,6269.37,2730.63,Cash on Delivery,Delivered
ORD01290,2025-12-25,CUST038,Meera Kapoor,Female,30,Bengaluru,Karnataka,South,P111,Coffee Maker,Home & Living,Kitchen,1,4500,0.15,3825.0,2747.48,1077.52,UPI,Delivered
ORD01466,2025-12-25,CUST237,Sneha Shah,Female,52,Bhubaneswar,Odisha,East,P108,Study Table,Furniture,Tables,2,7200,0.1,0.0,0.0,0.0,Net Banking,Cancelled
ORD01334,2025-12-26,CUST238,Aditya Pandya,Male,39,Vadodara,Gujarat,West,P117,Dry Fruits,Grocery,Food,4,1100,0.2,3520.0,3202.98,317.02,UPI,Delivered
ORD00210,2025-12-27,CUST220,Simran Shah,Male,46,Chandigarh,Chandigarh,North,P102,Smartphone,Electronics,Mobile,2,18500,0.05,35150.0,28778.81,6371.19,Debit Card,Delivered
ORD00531,2025-12-27,CUST190,Isha Trivedi,Male,37,Hyderabad,Telangana,South,P113,Running Shoes,Fashion,Footwear,1,3800,0.2,3040.0,2646.8,393.2,Cash on Delivery,Delivered
ORD00285,2025-12-28,CUST247,Rohan Trivedi,Male,30,Chandigarh,Chandigarh,North,P113,Running Shoes,Fashion,Footwear,2,3800,0.1,6840.0,4783.96,2056.04,Debit Card,Delivered
ORD00968,2025-12-28,CUST121,Rahul Pandya,Female,49,Lucknow,Uttar Pradesh,North,P109,Bookshelf,Furniture,Storage,2,6200,0.15,10540.0,8718.42,1821.58,Debit Card,Delivered
ORD00971,2025-12-28,CUST249,Neha Trivedi,Male,35,Surat,Gujarat,West,P118,Green Tea,Grocery,Beverages,2,500,0.2,800.0,600.39,199.61,Credit Card,Delivered
ORD01332,2025-12-28,CUST013,Pooja Joshi,Female,21,Chennai,Tamil Nadu,South,P101,Wireless Headphones,Electronics,Audio,3,3200,0.0,9600.0,6828.43,2771.57,UPI,Delivered
ORD00341,2025-12-29,CUST118,Simran Shah,Female,36,Hyderabad,Telangana,South,P108,Study Table,Furniture,Tables,2,7200,0.05,13680.0,9587.36,4092.64,Credit Card,Delivered
ORD00857,2025-12-29,CUST057,Priya Rathod,Female,40,Chennai,Tamil Nadu,South,P118,Green Tea,Grocery,Beverages,3,500,0.15,1275.0,1036.24,238.76,Credit Card,Delivered
ORD00115,2025-12-30,CUST070,Anjali Rathod,Male,42,Chennai,Tamil Nadu,South,P118,Green Tea,Grocery,Beverages,4,500,0.0,2000.0,1238.31,761.69,UPI,Delivered
ORD00288,2025-12-30,CUST155,Rohan Trivedi,Male,45,Lucknow,Uttar Pradesh,North,P103,Smartwatch,Electronics,Wearables,3,6500,0.0,19500.0,12436.65,7063.35,Credit Card,Delivered
ORD00346,2025-12-30,CUST249,Neha Trivedi,Male,35,Delhi,Delhi,North,P116,Organic Coffee,Grocery,Beverages,2,650,0.1,1170.0,871.34,298.66,UPI,Delivered
ORD00737,2025-12-30,CUST156,Karan Pandya,Female,36,Pune,Maharashtra,West,P103,Smartwatch,Electronics,Wearables,1,6500,0.05,6175.0,4866.09,1308.91,Debit Card,Delivered
ORD01371,2025-12-30,CUST162,Neha Joshi,Male,60,Jaipur,Rajasthan,North,P109,Bookshelf,Furniture,Storage,2,6200,0.1,11160.0,7609.6,3550.4,Debit Card,Delivered
ORD00598,2025-12-31,CUST077,Neha Sharma,Female,50,Jaipur,Rajasthan,North,P110,Bedsheet Set,Home & Living,Bedding,3,1800,0.05,5130.0,4145.24,984.76,UPI,Delivered
ORD01116,2025-12-31,CUST002,Anjali Verma,Male,38,Chandigarh,Chandigarh,North,P117,Dry Fruits,Grocery,Food,3,1100,0.05,3135.0,2387.49,747.51,Cash on Delivery,Delivered
